date,name,address,node_address,created_timestamp,facebook,server_country,irep_updated_block_height,country,node_state,logo_256,github,server_city,total_blocks,city,status,logo_1024,server_type,voted,validated_blocks,email,penalty,logo_svg,reddit,voting_power,unvalidated_sequence_blocks,website,grade,steemit,keybase,delegated,bonded,details,last_updated_block,twitter,telegram,stake,power,p2p_endpoint,last_updated_timestamp,youtube,wechat,irep,sponsored_cps_grants,created_block,api_endpoint,cps_governance,iglobal,bond_percentage,rank_by_delegation,rank_by_bond
06/07/2022,ICON Foundation,hx0b047c751658f7ce1b2595da34d57a0e7dad357d,hx9c63f73d3c564a54d0eed84f90718b1ebed16f09,,,,,CHE,Synced,,,,39774059.0,Zug,0x0,,,0.0,39628996.0,hello@icon.foundation,0x0,,,0.0,,https://icon.foundation,0x0,,,36320899.10980832,2000000.0,https://icon.foundation/prep/details.json,10323891,,,0.0,38320899.10980832,18.176.121.232:7100,,,,14000.0,,10323891,52.196.159.184:9000,False,3000000.0,5.51%,1,1
06/07/2022,Lydia Labs,hxfba37e91ccc13ec1dab115811f73e429cde44d48,hx81719dcfe8f58ca07044b7bede49cecd61f9bd3f,,,USA,,USA,Synced,https://lydialabs.xyz/logo.png,,San Francisco,39884018.0,San Francisco,0x0,https://lydialabs.xyz/logo.png,cloud,0.0,39785385.0,hi@lydialabs.xyz,0x0,https://lydialabs.xyz/logo.png,,0.0,,https://lydialabs.xyz,0x0,,,22901954.203581985,1156415.4028,https://lydialabs.xyz/details.json,7599124,https://twitter.com/lydia_labs,https://t.me/icxstation,15.0,23128308.055999998,18.118.232.28:7100,,,,14000.0,4.0,7599124,18.118.232.28:9000,True,3000000.0,5.05%,2,2
06/07/2022,GangstaBet,hx3c58970034d5a923aa95058365450feed28979a2,hxed7175f73f63ce8dfeede1db8c4b66179eb7a857,,,AU,,AUS,Synced,https://gangstabet.io/logo_256.png,,Sydney,6856189.0,Sydney,0x0,https://gangstabet.io/logo_1024.png,cloud,0.0,6834684.0,hodl@gangstabet.io,0x0,https://gangstabet.io/logo_1024.svg,,0.0,,https://gangstabet.io/,0x0,,,19912763.27031579,1134020.1914000001,https://gangstabet.io/details.json,41610399,https://twitter.com/_GangstaBet,https://t.me/gangstabet_icon,5555.0,21046783.461715788,44.237.21.74:7100,,,,10000.0,3.0,41610399,44.237.21.74:9000,True,3000000.0,5.69%,3,3
06/07/2022,Binance Node,hx1b5c004de7b8591cb571f004fdfa00d74d1099e6,hx863b7ba01fded0c7139788df152662ae881b8be3,,,,,CYM,Unknown,,,,5600295.0,George Town,0x0,,,0.0,5596887.0,poolvip@binance.com,0x0,,,0.0,,https://binance.com,0x0,,,14567843.865762085,1000000.01,https://binance.com/json,44121916,,,0.0,15567843.875762084,3.215.75.154:7100,,,,0.0,,44121916,3.215.75.154:9000,False,3000000.0,6.86%,8,4
06/07/2022,ICONFi,hxf680ae11372c48afebbce77c9d8de455e1acc18a,hx4e39d214d1e682f2acba7a08c4f7591fb5baaade,,,,,SGP,Synced,,,,10997442.0,Singapore,0x0,,,0.0,10984203.0,support@icon-fi.com,0x0,,,0.0,,https://www.icon-fi.com,0x0,,,18729706.335126486,909034.3644000001,https://www.icon-fi.com/prep/details.json,37596324,,,0.0,18180687.288,18.139.37.103:7100,,,,10000.0,,37596324,18.142.22.234:9000,False,3000000.0,4.85%,4,5
06/07/2022,Everstake,hx8e6dcffdf06f850af5d372ac96389135e17d56d3,hx3e9deb93255877805d8d81681b41bd2c14d65d0b,,https://www.facebook.com/everstake.one,DEU,,UKR,Synced,https://everstake.one/img/Everstake-256.png,https://github.com/everstake,Frankfurt,36780974.0,Kyiv,0x0,https://everstake.one/img/Everstake-1024.png,,0.0,36723188.0,inbox@everstake.one,0x0,https://everstake.one/img/Everstake-logo.svg,https://www.reddit.com/r/Everstake,0.0,,https://everstake.one,0x0,,https://keybase.io/everstake,15087596.899719708,883691.713,https://everstake.one/icon.json,7606142,https://twitter.com/everstake_pool,https://t.me/everstake_chat,63000.0,15971288.612719709,95.217.41.106:7100,,,,14000.0,,7606142,http://icon.everstake.one:9000,True,3000000.0,5.86%,6,6
06/07/2022,ICON Asset Management,hx9121c5914ce34f59de52fe15efd6f7982c2ab8ae,hx941c383302f2e82d982051499336ace667a0e1c4,,,USA,,USA,Synced,https://icon-staking-details.s3.us-west-2.amazonaws.com/icon-am/logo-256.png,,New York,18385614.0,New York,0x0,https://icon-staking-details.s3.us-west-2.amazonaws.com/icon-am/logo-256.png,cloud,0.0,18369445.0,ICON.A.M@protonmail.com,0x0,https://icon-staking-details.s3.us-west-2.amazonaws.com/icon-am/logo-256.png,,0.0,,https://myicon.finance,0x0,,,11989454.614069203,615105.513,https://icon-staking-details.s3.us-west-2.amazonaws.com/icon-am/details.json,13359593,https://twitter.com/myicon_am,https://t.me/MyICONFinance,0.0,12302110.26,3.92.10.28:7100,,,,49999.99999999999,9.0,13359593,3.92.10.28:9000,True,3000000.0,5.13%,10,7
06/07/2022,ICONOsphere,hx231a795d1c719b9edf35c46b9daa4e0b5a1e83aa,hx95248f3757afcb50efa99f529183ba401a82273c,,https://www.facebook.com/ibrizai,AU,,AUS,Synced,https://iconosphere.io/logos/256.png,https://github.com/ibriz,Sydney,35392504.0,Sydney,0x0,https://iconosphere.io/logos/1000.png,cloud,0.0,35314857.0,prep@iconosphere.io,0x0,https://iconosphere.io/logos/1000.svg,https://www.reddit.com/user/ibrizai/,0.0,,https://iconosphere.io,0x0,,https://keybase.io/ibriz,16441573.38373353,600822.1366,https://iconosphere.io/details.json,7604244,https://twitter.com/iconosphereprep,https://t.me/ibriz_iconosphere,0.0,12016442.731999999,52.36.75.189:7100,,https://www.youtube.com/channel/UCKeKpuj5mM85RyPR0KIW0KA,,13998.0,5.0,7604244,52.26.81.40:9000,True,3000000.0,3.65%,5,8
06/07/2022,ICON DAO,hx3d5c3ce7554f4d762f6396e53b2c5de07074ec39,hx3d5c3ce7554f4d762f6396e53b2c5de07074ec39,,,SGP,,SGP,Synced,https://icondao.s3-ap-southeast-1.amazonaws.com/icondao_logo_256.png,,Singapore,36817806.0,Singapore,0x0,,cloud,0.0,36790723.0,icondao@canfoundation.io,0x0,,https://www.reddit.com/user/icondao,0.0,,https://twitter.com/icondao,0x0,,,12398241.717944086,589770.1472,https://icondao.s3-ap-southeast-1.amazonaws.com/icondao.json,8700340,https://twitter.com/icondao,https://t.me/ICONDAO,0.0,11795402.943999998,18.140.186.29:7100,,,,14000.0,6.0,8700340,18.140.186.29:9000,True,3000000.0,4.76%,9,9
06/07/2022,PARROT9,hx28c08b299995a88756af64374e13db2240bc3142,hx28c08b299995a88756af64374e13db2240bc3142,,,USA,,NZL,Synced,https://parrot9.com/img/logos/parrot9-logomark-256.png,,Northern Virginia,27527415.0,Dunedin,0x0,https://parrot9.com/img/logos/parrot9-logomark-1024.png,cloud,0.0,27460434.0,hello@parrot9.com,0x0,,,0.0,,https://parrot9.com,0x0,,,15015443.89237834,430000.0,https://parrot9.com/PARROT91.json,9670109,https://twitter.com/parrot9design,,99999.99999999999,8600000.0,155.138.134.222:7100,,,,14000.0,,9670109,3.86.106.108:9000,False,3000000.0,2.86%,7,10
06/07/2022,ReliantNode,hxe4c008b838e8a9a7c065f20f393974de4c86f917,hxe4c008b838e8a9a7c065f20f393974de4c86f917,,,Australia,,AUS,Synced,https://images.squarespace-cdn.com/content/5d985396edb6cc40776b5e99/1584690172167-KI1TENURZOV7D0OKKCXM/RN_250x2.png,https://github.com/ReliantNode,Wollongong,33654824.0,Wollongong,0x0,https://images.squarespace-cdn.com/content/5d985396edb6cc40776b5e99/1584690093646-MXMMNTMGGARY3Z245RYG/RN_1024x2.png,Physical,0.0,33379168.0,team@reliantnode.com,0x0,,,0.0,,https://www.reliantnode.com,0x0,,,7156918.379158977,421706.8438,https://faucet.reliantnode.com/static/details.json,9276993,https://twitter.com/ReliantNode,,0.0,7578625.222958977,185.172.110.74:7100,,,,14000.0,,9276993,185.172.110.75:9000,False,3000000.0,5.89%,14,11
06/07/2022,Protokol7,hx2bbb1b0300f5dc0caa0e1a3ba1701a22e7590763,hx2bbb1b0300f5dc0caa0e1a3ba1701a22e7590763,,,SVN,,SVN,Synced,https://protokol7.com/assets/logos/p7-logo-black-blue-256.png,https://github.com/orgs/Protokol7/,Maribor,10515315.0,Maribor,0x0,https://protokol7.com/assets/logos/p7-logo-black-blue-1024.png,cloud,0.0,10509595.0,info@protokol7.com,0x0,https://protokol7.com/assets/logos/p7-logo-black-blue.svg,,0.0,,https://protokol7.com/icon,0x0,,,7715324.907758234,387348.0052,https://protokol7.com/icon/mainnet-config.json,39619156,https://twitter.com/protokol7_com,https://t.me/protokol7_Icon_Prep,0.0,7746960.103999999,18.135.219.85:7100,,,,10000.0,1.0,39619156,http://18.130.92.113:9000/,True,3000000.0,5.02%,13,12
06/07/2022,MouseBelt | Multi.io,hxbc9c73670c79e8f6f8060551a792c2cf29a8c491,hxbc9c73670c79e8f6f8060551a792c2cf29a8c491,,,USA,,USA,Synced,https://ac3-prep-assets.s3.amazonaws.com/ac3-256.png,https://github.com/norestlabs,San Francisco,21104565.0,San Francisco,0x0,https://ac3-prep-assets.s3.amazonaws.com/ac3-1024.png,Cloud,0.0,21081282.0,markus@mousebelt.com,0x0,https://ac3-prep-assets.s3.amazonaws.com/ac3-svg.svg,,1.0,,https://mousebelt.com,0x0,,,4847727.844870861,364082.1361,https://multi-prep.s3.amazonaws.com/p-rep.json,7635441,https://twitter.com/mouse_belt,https://t.me/Multi_Exchange,1.0,5211809.98097086,54.81.151.142:7100,,https://www.youtube.com/channel/UCr1TRDyLRNXm-n__ET9pPeQ,,26000.0,,7635441,http://54.81.151.142:9000,False,3000000.0,7.51%,22,13
06/07/2022,ICONation,hx262afdeda4eba10fe41fa5ef21796ac2bdcc6629,hx262afdeda4eba10fe41fa5ef21796ac2bdcc6629,,,FR,,FRA,Synced,https://iconation.team/images/logo256.png,https://github.com/iconation,Paris,40024789.0,Paris,0x0,https://iconation.team/images/logo1024.png,cloud,0.0,39995205.0,iconation.team@gmail.com,0x0,,,0.0,,https://iconation.team,0x0,,,6463083.528651895,359086.405,https://iconation.team/prep_mainnet.json,7601940,https://twitter.com/iconationteam,https://t.me/iconationteam,0.0,6822169.933651896,52.47.90.20:7100,,https://www.youtube.com/c/ICONationTeam/,,14000.0,1.0,7601940,52.47.90.20:9000,True,3000000.0,5.56%,15,14
06/07/2022,sudoblock,hxfc56203484921c3b7a4dee9579d8614d8c8daaf5,hx40f9e6a0b54b8dd9d90732aaee4f9789550092c7,,,USA,,USA,Inactive,https://icon-staking-details.s3.us-west-2.amazonaws.com/sudoblock/logo-256.png,https://github.com/sudoblockio,us-west-2,20139284.0,San Francisco,0x0,https://icon-staking-details.s3.us-west-2.amazonaws.com/sudoblock/logo-256.png,cloud,0.0,20033725.0,info@sudoblock.io,0x0,https://icon-staking-details.s3.us-west-2.amazonaws.com/sudoblock/logo-256.png,,0.0,,https://github.com/sudoblockio,0x0,,,5290640.417282012,325000.0,https://icon-staking-details.s3.us-west-2.amazonaws.com/sudoblock/details.json,7613256,https://twitter.com/sudoblockio,,0.0,5615640.417282011,139.180.184.203:7100,,,,14000.0,2.0,7613256,139.180.184.203:9000,True,3000000.0,6.14%,21,15
06/07/2022,Spartan Node,hxff6437443e7ed76d2d7f97f0d28d7ae1071bd0bb,hxff6437443e7ed76d2d7f97f0d28d7ae1071bd0bb,,,usa,,USA,Synced,https://i.ibb.co/C1VHrfD/256-2.png,,San Francisco,20067227.0,Chattanooga,0x0,https://i.ibb.co/7nfWHmZ/1024.png,cloud,66.7196,20055253.0,1guitar6strings@gmail.com,0x0,,,2.2804,,http://www.tokenup.io,0x1,,,10384224.139839726,323396.37009999994,https://www.keekee.io/node.json,14360912,https://twitter.com/spartanicx,https://t.me/spartannode,69.0,6467927.402,134.122.40.114:7100,,,,16000.0,6.0,14360912,134.122.40.114:9000,True,3000000.0,3.11%,11,16
06/07/2022,VELIC,hxd0d9b0fee857de26fd1e8b15209ca15b14b851b2,hx406c9d6fa4b8a51dba98797610fe5935f613fb07,,https://facebook.com/velicfinancial,JP,,SGP,Synced,https://man.velic.io/prep/ic-prep-velic-256.png,,Tokyo,38956805.0,Singapore,0x0,https://man.velic.io/prep/ic-prep-velic-1024.png,cloud,0.0,38925125.0,support@velic.io,0x0,https://man.velic.io/prep/ic-prep-velic.svg,https://www.reddit.com/r/velicfinancial,0.0,,https://www.velic.io,0x0,,,5739931.253292143,319997.9963,https://www.velic.io/cexp/v1/marketing/staving/info,7600801,https://twitter.com/velicfinancial,https://t.me/velicfinancial,0.0,6059929.249592144,3.114.212.239:7100,,https://www.youtube.com/channel/UC2JW8JJF7O7OVxi8S_tTlTg,,14000.0,,7600801,3.114.212.239:9000,False,3000000.0,5.57%,18,17
06/07/2022,RHIZOME,hx4a43790d44b07909d20fbcc233548fc80f7a4067,hxda4e0b39fb6df66af8a4e39942c49662a890f320,,,USA,,JPN,Synced,https://storage.googleapis.com/rhizome-public-storage/images/rhizome_logo_256px.png,https://github.com/rhizomeicx,South Carolina,39817105.0,Tokyo,0x0,https://storage.googleapis.com/rhizome-public-storage/images/rhizome_logo_1024px.png,cloud,1.0,39792804.0,hello@rhizomeicx.com,0x0,https://storage.googleapis.com/rhizome-public-storage/images/rhizome_logo.svg,,0.0,,https://rhizomeicx.com,0x0,,,5914626.817294938,292205.7649,https://storage.googleapis.com/rhizome-public-storage/prep/json/rhizome-usa.json,7599071,https://twitter.com/rhizomeicx,https://t.me/rhizomeicx,1.0,5844115.2979999995,34.133.160.215:7100,,https://www.youtube.com/rhizomeicx,,15000.0,3.0,7599071,35.231.14.204:9000,True,3000000.0,4.94%,17,18
06/07/2022,Metanyx,hxf08bd5835fdb53dc7c764a5f4dd4e2e6359324e8,hxf08bd5835fdb53dc7c764a5f4dd4e2e6359324e8,,,,,GBR,Synced,,,,19011567.0,London,0x0,,,0.0,18996265.0,hello@metanyx.io,0x0,,,0.0,,https://metanyx.com,0x0,,,5654382.8106302675,288350.0,https://metanyx.com/json,8108110,,,99999.99999999999,5767000.0,35.226.38.115:7100,,,,20480.0,,8108110,35.226.20.97:9000,False,3000000.0,5.10%,19,19
06/07/2022,ICON Pinas,hx0a72c03881451a6270d4895f756085470fc311e4,hx9244a8d9638a8a32ac27f665c52ccd7ff6517e57,,https://www.facebook.com/IconPilipinas/,Manila,,PHL,Synced,http://prep-registration-stirred-eel.s3-website.ca-central-1.amazonaws.com/256.png,,PHL,16157005.0,Manila,0x0,http://prep-registration-stirred-eel.s3-website.ca-central-1.amazonaws.com/1024.png,cloud,106.5122,16136602.0,iconpinas@gmail.com,0x0,http://prep-registration-stirred-eel.s3-website.ca-central-1.amazonaws.com/svg.svg,,0.0,,https://www.iconpinas.com,0x0,,,6022225.1811912535,280882.0,https://icon-pinas-mainnet-aws-us-west-2.s3-us-west-2.amazonaws.com/details.json,15274208,https://twitter.com/IconPilipinas,,106.5122,5617640.0,54.69.226.239:7100,,https://www.youtube.com/channel/UCqkwvlG2636SqqtjOYAxOhQ,,14000.0,1.0,15274208,15.222.213.224:9000,True,3000000.0,4.66%,16,20
06/07/2022,Trustseers,hx3499cbe7a9c81b412243cac8c4e163d2e4ccb20c,hx9960c2b06fbe238ffcc239fe16b3ef052d5712ce,,,1,,USA,Synced,https://trustseers.com/assets/img/logo-256.png,https://github.com/trustseers,New_York,7670054.0,New York,0x0,https://trustseers.com/assets/img/logo-1024.png,cloud,0.0,7666217.0,octocat@trustseers.com,0x0,https://trustseers.com/assets/img/logo-1024.png,,0.0,,https://trustseers.com,0x0,,,4687152.928051741,272734.221,https://trustseers.com/details.json,39731032,https://twitter.com/trustseers,,0.0,4959887.149051741,54.234.139.57:7100,,,,10000.0,,39731032,http://54.234.139.57:9000,False,3000000.0,5.82%,23,21
06/07/2022,Staky.io (ex Sharpn),hx6f89b2c25c15f6294c79810221753131067ed3f8,hx6f89b2c25c15f6294c79810221753131067ed3f8,,,Netherlands,,FRA,Synced,https://sharpn.tech/cdn/staky256.png,,Amsterdam,26542026.0,Paris,0x0,https://sharpn.tech/cdn/staky1024.png,cloud,0.0,26327651.0,hello@staky.io,0x0,https://sharpn.tech/cdn/stakylogo.svg,,0.0,,https://staky.io,0x0,,,5462648.720999413,268544.6114,https://sharpn.tech/cdn/prepsdetailsv5.json,7599229,https://twitter.com/staky_validator,https://t.me/joinchat/UjTDvhwBen0Nw2s0wLRxog,0.0,5370892.228,167.71.4.34:7100,,https://www.youtube.com/channel/UC8wbWZ2bKqTJN3Mv4ywlSYg,,14000.0,1.0,7599229,167.71.4.34:9000,True,3000000.0,4.92%,20,22
06/07/2022,Stakin,hx9780bfcd8d33c50f56e37f5b27313433c28eb8d8,hx9780bfcd8d33c50f56e37f5b27313433c28eb8d8,,https://facebook.com/StakinOfficial,UK,,GBR,Synced,https://stakin.com/assets/icon/logo256.png,https://github.com/StakinOfficial,London,35477019.0,London,0x0,https://stakin.com/assets/icon/logo1024.png,Hybrid Cloud/Colocation,0.0,35420618.0,hello@stakin.com,0x0,https://stakin.com/assets/icon/logo.svg,https://reddit.com/user/stakinofficial,0.0,,https://stakin.com/,0x0,,stakin,9555687.682769345,234000.0,https://stakin.com/icon.json,7601577,https://twitter.com/StakinOfficial,stakinOfficial,54700.0,4680000.0,3.8.92.147:7100,,,,13600.0,,7601577,3.8.92.147:9000,False,3000000.0,2.45%,12,23
06/07/2022,Ubik Capital,hx54d6f19c3d16b2ef23c09c885ca1ba776aaa80e2,hx54d6f19c3d16b2ef23c09c885ca1ba776aaa80e2,,,Frankfurt,,USA,Synced,https://ubik.capital/ubikprep/ubik256x256.png,https://github.com/ubikcapital,DEU,30783940.0,Detroit,0x0,https://ubik.capital/ubikprep/ubik1024x1024.png,cloud,0.0,30771930.0,icon@ubik.capital,0x0,https://ubik.capital/ubikprep/ubik256x256.svg,https://www.reddit.com/user/UbikCapital,5.4044,,https://ubik.capital,0x1,https://steemitwallet.com/@ubikcapital,https://keybase.io/ubikcosmos,3148778.2524916045,227621.14570000002,https://theuc.xyz/ubikprep/json/ubikprep.json,7599169,https://twitter.com/ubikcapital,https://github.com/ubikcapital,12758.6932,3376399.3981916048,13.58.103.19:7100,,https://www.youtube.com/channel/UCS9knn2BSqwEZ_WqjPFOFrA?view_as=subscriber,,14000.0,,7599169,http://node.ubikprep.com:9000,False,3000000.0,7.23%,29,24
06/07/2022,ICONbet,hx15686bf1f501115a2b5de381a20edc1963cb2ec3,hx095196a246406985cc266f511b1871bad50bf463,,,USA,,USA,Synced,https://icon-staking-details.s3.us-west-2.amazonaws.com/icon-bet-2/logo-256.png,,Las Vegas,495372.0,Las Vegas,0x0,https://icon-staking-details.s3.us-west-2.amazonaws.com/icon-bet-2/logo-256.png,cloud,0.0,493020.0,iconbetcommunity@protonmail.com,0x0,https://icon-staking-details.s3.us-west-2.amazonaws.com/icon-bet-2/logo-256.png,,0.0,,https://iconbet.io,0x0,,,3812572.288870677,199999.99999999997,https://icon-staking-details.s3.us-west-2.amazonaws.com/icon-bet-2/details.json,48655292,https://twitter.com/Iconbetofficial,t.me/iconbet_official,0.0,4000000.0,45.32.75.105:7100,,,,0.0,,48655292,45.32.75.105:9000,False,3000000.0,5.25%,25,25
06/07/2022,Mineable,hxdc35f82a3a943e040ae2b9ab2baa2118781b2bc9,hx7f035c0fc573cb6c1ff17cd2b6678f0a17f491f3,,,GBR,,GBR,Inactive,https://icon-staking-details.s3.us-west-2.amazonaws.com/mineable/mineable.png,,London,28037366.0,London,0x0,https://icon-staking-details.s3.us-west-2.amazonaws.com/mineable/mineable.png,cloud,0.0,28024563.0,admin@mineable.com,0x0,https://icon-staking-details.s3.us-west-2.amazonaws.com/mineable/mineable.png,,0.0,,https://www.youtube.com/icontvofficial,0x1,,,3273195.1585047226,195649.3107,https://icon-staking-details.s3.us-west-2.amazonaws.com/mineable/details.json,11160572,https://twitter.com/mineable,,0.0,3468844.469204723,149.248.13.246:7100,,https://www.youtube.com/mineable,,14000.0,2.0,11160572,108.61.103.8:9000,True,3000000.0,5.98%,27,26
06/07/2022,GPS Gaming,hxb11448743cbb63fcf29609401cdc5782793be211,hxf45457bb1a686fa25fc87dc9a5e63255125be452,,,USA,,USA,Inactive,https://gpsgames-media.s3-us-east-2.amazonaws.com/images/logo-256.png,,Columbus,28403564.0,Columbus,0x0,https://gpsgames-media.s3-us-east-2.amazonaws.com/images/logo-1024.png,cloud,0.0,28127077.0,support@gps.games,0x3,https://gpsgames-media.s3-us-east-2.amazonaws.com/images/logo.svg,,0.0,,https://gps.games,0x2,,,3016126.086313462,175006.4363,https://gpsgames-media.s3-us-east-2.amazonaws.com/data/config.json,14636996,,,0.0,3191132.522613462,3.140.80.162:7100,,,,14000.0,1.0,14636996,http://3.140.80.162:9000,True,3000000.0,5.80%,30,27
06/07/2022,NEOPLY,hx099b1e6b271bc6cd67d930a1c62ee5f3ed0e2c7d,hx099b1e6b271bc6cd67d930a1c62ee5f3ed0e2c7d,,https://www.facebook.com/NEOPLY/,KR,,KOR,Synced,https://neoply.io/bp_info/neoply_logo_256.png,,Seoul,12250666.0,Seoul,0x0,https://neoply.io/bp_info/neoply_logo_1024.png,Cloud,0.0,12241250.0,support@neoply.com,0x0,https://neoply.io/bp_info/neoply_logo.svg,https://www.reddit.com/r/icon/,0.0,,https://neoply.io,0x1,https://medium.com/neoply,https://keybase.io/neoply,3183742.8590094154,162080.0,https://neoply.io/bp_info/icon.json,21710481,https://twitter.com/NEOPLY_KR,,0.0,3241600.0,54.199.171.19:7100,,,,13891.59094842575,,21710481,35.74.142.210:7100,False,3000000.0,5.09%,28,28
06/07/2022,Plan-P,hxaf33a0c15dbf52b76590422cbb7e2d835034cdf6,hxaf33a0c15dbf52b76590422cbb7e2d835034cdf6,,,KR,,KOR,Synced,,,Seoul,579282.0,Seoul,0x0,,EC2,0.0,572122.0,master@plan-p.io,0x0,http://icon.plan-p.io/img-logo.png,,0.0,,http://plan-p.io,0x1,,,2267522.81208471,160977.25009999998,http://icon.plan-p.io/config_mainnet.json,14801418,https://twitter.com/icon_kiwi,,8739.486499999999,2428500.06218471,15.164.138.240:7100,,,,45845.248381294026,,14801418,3.37.81.62:9000,False,3000000.0,7.10%,36,29
06/07/2022,Hugobyte,hx31c429608c74501de13df5fea30bf1674460be50,hx56db2dfd4922817ac9a6543d0eabcced433b44ce,,,IND,,IND,Inactive,https://icon-staking-details.s3.us-west-2.amazonaws.com/hugobyte/logo-256.png,https://github.com/HugoByte,Banglore,5296.0,Banglore,0x0,https://icon-staking-details.s3.us-west-2.amazonaws.com/hugobyte/logo-1024.png,cloud,0.0,0.0,contact@hugobyte.com,0x0,https://icon-staking-details.s3.us-west-2.amazonaws.com/hugobyte/logo.svg,,0.0,,https://hugobyte.com,0x1,,,3723935.0930783693,150000.0,https://icon-staking-details.s3.us-west-2.amazonaws.com/hugobyte/details.json,36747915,,,0.0,3000000.0,45.76.182.241:7100,,,,10000.0,,36747915,52.16.202.246:9000,False,3000000.0,4.03%,26,30
06/07/2022,InterBlock,hxc453700b9bd823d7f7175808a0986c0e3a45f2b4,hx99ccf4b500f5e9e68fefa866f36c7e59f2ed17e5,,,DEU,,DEU,Synced,https://icon-staking-details.s3.us-west-2.amazonaws.com/interblock/logo_256.png,,Munich,4397393.0,Munich,0x0,https://icon-staking-details.s3.us-west-2.amazonaws.com/interblock/logo_1024.png,cloud,0.0,4389489.0,support@interblock.tech,0x0,https://icon-staking-details.s3.us-west-2.amazonaws.com/interblock/logo.svg,,0.0,,http://www.interblock.tech,0x1,,,1403762.7477132531,148365.6641,https://icon-staking-details.s3.us-west-2.amazonaws.com/interblock/details.json,12544570,https://twitter.com/interblocktech,https://t.me/interblocktech,0.0,1552128.411813253,3.248.2.88:7100,,,,49999.99999999999,,12544570,3.248.2.88:9000,False,3000000.0,10.57%,42,31
06/07/2022,Unifi Protocol,hx80a3bb927f9edc899f98eb46bd7a7c601da12980,hx80a3bb927f9edc899f98eb46bd7a7c601da12980,,,,,USA,Inactive,,,,5050998.0,San Francisco,0x0,,,6936.484,5037045.0,info@unifi.org,0x3,,,0.0,,https://unifiprotocol.com/,0x1,,,1696406.1869228012,130000.0,https://api.sesameseed.org/votes/icon/config.json,21191077,,,136936.484,1826406.1869228014,164.90.150.113:7100,,,,13891.697432150397,,21191077,,False,3000000.0,7.66%,39,32
06/07/2022,ICONTROL,hxe8767c80a009c7bb8344d81c430144463cbb325e,hx0a996a7ac80dca19779ebf0914d071f6cb512737,,,KOR,,KOR,Synced,https://icontrol-team.github.io/public-page/images/ICONTORL_LOGO_ICON_256_W.png,https://github.com/icontrol-team,Seoul,317967.0,Seoul,0x0,https://icontrol-team.github.io/public-page/images/ICONTORL_LOGO_ICON.png,cloud,0.0,317445.0,icontrol.b@gmail.com,0x0,https://icontrol-team.github.io/public-page/images/ICONTORL_LOGO_ICON.png,,0.0,,https://icontrol.webflow.io,0x1,,https://keybase.io/icontrol_team,2503710.1027442478,114027.1374,https://icontrol-team.github.io/public-page/json/detail.json,20127619,https://twitter.com/icontrol_team,,13883.5621,2280542.748,54.249.154.84:7100,,,,14471.974222133169,,20127619,13.230.106.222:9000,False,3000000.0,4.55%,33,33
06/07/2022,ICONoscope,hxaf6f61827901d7c4674cf5d2ddbbca2bdae72faf,hxb124ee7a8663ac584b655d2648689c6e8d62d09a,,,USA,,USA,Inactive,https://icon-staking-details.s3.us-west-2.amazonaws.com/iconoscope/logo-256.png,,Los Angeles,672709.0,Los Angeles,0x0,https://icon-staking-details.s3.us-west-2.amazonaws.com/iconoscope/logo-256.png,cloud,521.9449,670682.0,iconoscope.prep@gmail.com,0x0,https://icon-staking-details.s3.us-west-2.amazonaws.com/iconoscope/logo-256.png,,0.0,,https://google.com,0x1,,,389744.7366238061,105065.6299,https://icon-staking-details.s3.us-west-2.amazonaws.com/iconoscope/details.json,12888103,,,521.9449,494810.3665238061,139.180.138.203:7100,,,,46467.16731559706,,12888103,139.180.138.203:9000,False,3000000.0,26.96%,66,34
06/07/2022,ICON Sweden,hx1cb5883939f2fd478e92da1260438aa1f03440ca,hx1cb5883939f2fd478e92da1260438aa1f03440ca,,,FI,,SWE,Synced,https://eossweden.eu/icon-prep/logo/ICONSweden-logo-256.png,https://github.com/eossweden,Helsinki,618604.0,Stockholm,0x0,https://eossweden.eu/icon-prep/logo/ICONSweden-logo-1024.png,Bare Metal,10750.2783,615508.0,eossweden@gmail.com,0x0,https://eossweden.eu/icon-prep/logo/ICONSweden-logo.svg,,0.0,,https://eossweden.eu,0x1,https://steemit.com/@eos.sweden,,1191563.5157439674,63377.108400000005,https://eossweden.eu/prep-api.json,7603670,https://twitter.com/SwedenEos,https://t.me/swedencornet,10750.2783,1254940.6241439674,95.216.246.114:7100,,https://www.youtube.com/c/swedencornet,,49999.99999999999,,7603670,prep.eossweden.eu:9000,True,3000000.0,5.32%,45,35
06/07/2022,ICX Belgium,hx9a20bc2de732aad6de56dcaabb800c24aab86c28,hx67e7e935bde2a1db10870b99cfe92ebecfd29a70,,,BEL,,BEL,Synced,https://icon-staking-details.s3.us-west-2.amazonaws.com/icx-belgium/iconlabs-logo-256.png,,Mechelen,517440.0,Mechelen,0x0,https://icon-staking-details.s3.us-west-2.amazonaws.com/icx-belgium/iconlabs-logo-1024.png,cloud,0.0,515571.0,ICXBelgium@outlook.be,0x0,https://icon-staking-details.s3.us-west-2.amazonaws.com/icx-belgium/iconlabs-logo-1024.svg,,0.0,,https://twitter.com/Lucky8Steven,0x1,,,1322578.581728466,60000.0,https://icon-staking-details.s3.us-west-2.amazonaws.com/icx-belgium/details.json,15519362,,,0.0,1200000.0,54.68.231.120:7100,,,,40412.85515565048,,15519362,54.68.231.120:9000,False,3000000.0,4.54%,43,36
06/07/2022,ICX_Stratos,hx3ec5c0c906e857de231a7ae16e49ab92c5708699,hx3b59358db9ea44e49ae72d0ace99ac5b4be8c30d,,,ZAF,,ZAF,Synced,https://icon-staking-details.s3.us-west-2.amazonaws.com/stratos/logo-256.png,,Johannesburg,344960.0,Johannesburg,0x0,https://icon-staking-details.s3.us-west-2.amazonaws.com/stratos/logo-256.png,cloud,0.0,344645.0,icxsa@protonmail.com,0x0,https://icon-staking-details.s3.us-west-2.amazonaws.com/stratos/logo-256.png,,0.0,,https://goole.com,0x1,,,811590.1811207526,54998.0,https://icon-staking-details.s3.us-west-2.amazonaws.com/stratos/details.json,15193547,,,0.0,866588.1811207527,52.70.233.137:7100,,,,49999.99999999999,,15193547,52.70.233.137:9000,False,3000000.0,6.78%,49,37
06/07/2022,Silicon Valley ICON,hxc97bc2b6863b5f0094de7f0e5bcf82a404c4199b,hxc97bc2b6863b5f0094de7f0e5bcf82a404c4199b,,,USA,,USA,Synced,,https://github.com/siliconvalleyicon,San Jose,430537.0,San Jose,0x0,,cloud,14146.8537,429016.0,siliconvalleyicon@gmail.com,0x0,,,0.0,,http://siliconvalleyicon.com,0x1,,,692511.5826209103,49999.99999999999,https://raw.githubusercontent.com/siliconvalleyicon/siliconvalleyicon.github.io/master/prep/json/svi.json,13243077,https://twitter.com/iconsilicon,,64146.85370000001,742511.5826209101,138.68.63.35:7100,,,,14000.0,,13243077,138.68.63.35:9000,True,3000000.0,7.22%,52,38
06/07/2022,Studio Mirai,hx5da9e862b4e26e5ac486c1d70d9d63927ce35e1c,hxdd5da910a38a427770c484afd6dd03f92ee35add,,,JPN,,JPN,Inactive,https://studiomirai.io/images/prep-256.jpg,,Nozomi,2648.0,Nozomi,0x0,https://studiomirai.io/images/prep-1024.jpg,Cloud,0.0,0.0,hello@studiomirai.io,0x3,,,0.0,,https://studiomirai.io,0x1,,,1293596.1615142983,46900.0,https://studiomirai.io/prep.json,46508723,https://twitter.com/_StudioMirai,,0.0,938000.0,prep.studiomirai.io:7100,,,,0.0,,46508723,http://34.148.37.9:9000,False,3000000.0,3.63%,44,39
06/07/2022,ICON Chicago,hxf6672e670d2b5816061da22231f3a90f0b5955b5,hxf6672e670d2b5816061da22231f3a90f0b5955b5,,,USA,,USA,Synced,https://prep-details.s3-us-west-1.amazonaws.com/logo-256.jpg,,San Francisco,302502.0,Chicago,0x0,,VM,0.0,300727.0,iconchicagoteam@gmail.com,0x0,,,0.0,,http://iconchicago.team,0x1,,,799831.5143157616,44247.883499999996,https://prep-details.s3-us-west-1.amazonaws.com/json,14419820,https://twitter.com/Avi_Patel91,,44247.883499999996,844079.3978157616,165.227.49.93:7100,,,,46016.9845939701,,14419820,http://143.198.135.226:9000,False,3000000.0,5.53%,50,40
06/07/2022,ICONologist,hx30af89a52479d8ce8ac6682651203750d639a20f,hx30af89a52479d8ce8ac6682651203750d639a20f,,,,,DEU,Inactive,,,,5957.0,Kassel,0x0,,,0.0,0.0,info@iconologist.eu,0x3,,,0.0,,https://www.iconologist.eu/,0x1,,,557939.288390404,35462.2596,https://www.iconologist.eu/node/config.json,11224754,,,0.0,593401.5479904041,159.69.136.250:7100,,,,48614.58579063466,,11224754,,False,3000000.0,6.36%,56,41
06/07/2022,Blockmove,hx5b97bbec2e555289351806103833a465b7fbbd47,hx5b97bbec2e555289351806103833a465b7fbbd47,,https://www.facebook.com/blockmove/,FR,,CZE,Synced,https://blockmove.eu/prepinfo/logo-256.png,https://github.com/eublockmove,Paris,11967768.0,Brno,0x0,https://blockmove.eu/prepinfo/logo-1024.png,on-premise,0.0,11912096.0,hello@blockmove.eu,0x0,https://blockmove.eu/prepinfo/logo.svg,https://www.reddit.com/user/blockmove,0.0,,https://blockmove.eu,0x1,,,429499.97455563,30100.0,https://blockmove.eu/prepinfo/info.json,7600031,https://twitter.com/eublockmove,https://t.me/blockmove,5100.0,459599.97455563,51.159.17.38:7100,,,,10000.0,,7600031,http://51.159.17.38:9000,False,3000000.0,7.01%,62,42
06/07/2022,Staked Tech,hx55f2cc3244350085734f4e405f761ecf3d2095b3,hx55f2cc3244350085734f4e405f761ecf3d2095b3,,,FI,,HRV,Inactive,https://raw.githubusercontent.com/StakedTech/Icon-P-Rep/master/icon_cro_logo256.png,https://github.com/StakedTech,Helsinki,259382.0,Zagreb,0x0,https://raw.githubusercontent.com/StakedTech/Icon-P-Rep/master/icon_cro_logo1024.png,cloud,0.0,257603.0,staked.tech@protonmail.com,0x3,,,0.0,,https://www.staked.tech/,0x1,,,251951.70315306704,30000.0,https://raw.githubusercontent.com/StakedTech/Icon-P-Rep/master/setPRep.json,14253156,@StakedTech,,0.0,281951.70315306704,135.181.27.43:7100,,,,13000.0,,14253156,135.181.27.43:9000,False,3000000.0,11.91%,94,43
06/07/2022,DSNC,hx5dff0f5953e8cb0d50aaabff041a524e27718bd2,hx5dff0f5953e8cb0d50aaabff041a524e27718bd2,,,GBR,,GBR,Synced,https://dsnc.s3.eu-west-2.amazonaws.com/dsnc/dsnc-256.png,https://github.com/DSNC,London,344960.0,London,0x0,https://dsnc.s3.eu-west-2.amazonaws.com/dsnc/dsnc-1024.png,cloud,0.0,342960.0,info@dsnc.co.uk,0x0,https://dsnc.s3.eu-west-2.amazonaws.com/dsnc/dsnc.svg,https://www.reddit.com/user/DSNC_UK,0.0,,https://dsnc.co.uk,0x1,,,482115.42088715284,26000.0,https://dsnc.s3.eu-west-2.amazonaws.com/dsnc/dsnc-details.json,7618898,https://twitter.com/DSNC_UK,https://t.me/DSNCTeam,0.0,508115.42088715284,35.178.42.84:7100,,https://www.youtube.com/channel/UCN2EQ6NkcqFBHSAQ9q9z2aw,,33000.0,,7618898,65.21.41.58:9000,True,3000000.0,5.39%,59,44
06/07/2022,RemICX,hx35a0a985a9abd8cbbc71bec1aba74ca204369c8a,hx35a0a985a9abd8cbbc71bec1aba74ca204369c8a,,,DE,,THA,Synced,https://www.remicx.net/image/remicx256.png,,Falkenstein,344960.0,Bangkok,0x0,https://www.remicx.net/image/remicx1024.png,Dedicated,0.0,344694.0,remicx.net@gmail.com,0x0,https://www.remicx.net/image/remicx.svg,,0.0,,https://www.remicx.net,0x1,,,341362.9622409286,24999.999999999996,https://www.remicx.net/conf/config.json,14631495,https://twitter.com/remicx_net,,0.0,366362.96224092855,138.201.137.189:7100,,,,49999.99999999999,,14631495,138.201.137.189:9000,False,3000000.0,7.32%,73,45
06/07/2022,PiconbelloDAO,hxfa6714e4ec784ae2176c416c46dc2c98b6ec9074,hxb20299f6fec4f43acdce9c6bb279e653a30703fd,,,GBR,,GBR,Inactive,https://www.piconbello.com/src/images/256.png,https://github.com/piconbello,London,5295.0,London,0x0,https://www.piconbello.com/src/images/1024.png,cloud,0.0,0.0,contact@piconbello.com,0x3,,https://www.reddit.com/user/Piconbello,0.0,,https://piconbello.com,0x1,,,310752.95367917966,20333.0017,https://www.piconbello.com/preptools.json,7601548,https://twitter.com/piconbello,https://t.me/pICONbello,0.0,331085.9553791796,34.74.79.223:7100,,,,49999.99999999999,3.0,7601548,34.74.79.223:9000,True,3000000.0,6.54%,77,46
06/07/2022,Espanicon,hx9fa9d224306b0722099d30471b3c2306421aead7,hx9fa9d224306b0722099d30471b3c2306421aead7,,,VEN,,VEN,Synced,http://prep-registration-good-reindeer.s3-website-us-east-1.amazonaws.com/logo.jpg,,CCS,344960.0,CCS,0x0,http://prep-registration-good-reindeer.s3-website-us-east-1.amazonaws.com/logo.jpg,cloud,0.0,344413.0,info@espanicon.team,0x0,http://prep-registration-good-reindeer.s3-website-us-east-1.amazonaws.com/.,,0.0,,https://espanicon.team,0x1,,,348600.5085504748,20000.0,https://espanicon.team/details.json,14763576,https://twitter.com/espanicon,t.me/espanicon,0.0,368600.5085504748,35.170.9.187:7100,,,,14000.0,,14763576,35.170.9.187:9000,True,3000000.0,5.74%,72,47
06/07/2022,Transcranial Solutions,hx2f3fb9a9ff98df2145936d2bfcaa3837a289496b,hx2f3fb9a9ff98df2145936d2bfcaa3837a289496b,,,AUS,,AUS,Synced,https://raw.githubusercontent.com/Transcranial-Solutions/Node/master/Transcranial_Solutions_R.png,https://github.com/Transcranial-Solutions,Melbourne,301840.0,Melbourne,0x0,https://raw.githubusercontent.com/Transcranial-Solutions/Node/master/Transcranial_Solutions_R.png,bare metal,0.0,298940.0,transcranial.solutions@gmail.com,0x0,https://raw.githubusercontent.com/Transcranial-Solutions/Node/master/Transcranial_Solutions_R.png,,0.0,,https://twitter.com/TranscranialSol,0x1,,,309704.17887419334,20000.0,https://raw.githubusercontent.com/Transcranial-Solutions/Node/master/prep_details_icon2_aus.json,15326830,https://twitter.com/TranscranialSol/,,0.0,329704.17887419334,159.196.221.33:7100,,https://www.youtube.com/channel/UCeOv5tg_S168TX-Eqqse_iw,,14000.0,1.0,15326830,159.196.221.33:7100,True,3000000.0,6.46%,78,48
06/07/2022,ICON 4 ALL,hx69d49e8365659d7771f7e721d7f9b04367212557,hx69d49e8365659d7771f7e721d7f9b04367212557,,,NED,,NLD,Synced,https://icon4all.com/Content/Images/icon4all/Logos/Logo-Small.png,,Eindhoven,339655.0,Eindhoven,0x0,https://icon4all.com/Content/Images/icon4all/Logos/Logo-Small.png,bare metal,0.0,337943.0,info@icon4all.com,0x0,https://icon.foundation/resources/image/icon_logo.svg,,0.0,,https://icon4all.com,0x0,,,305557.6243120294,20000.0,https://icon4all.com/details.json,33382431,,,0.0,325557.6243120294,node.icon4all.com:7100,,,,10000.0,,33382431,node.icon4all.com:9000,False,3000000.0,6.55%,80,49
06/07/2022,ICON Guide Star,hx135d9c1b6ad2b7750f153d1649b676f8625e470c,hx7550464fc96421b879948632a464b4abd6d509cf,,https://www.facebook.com/IconGuideStar,GBR,,GBR,Inactive,https://icon-staking-details.s3.us-west-2.amazonaws.com/guidestar/logo-256.png,,London,301840.0,London,0x0,https://icon-staking-details.s3.us-west-2.amazonaws.com/guidestar/logo-256.png,cloud,0.0,300711.0,iconguidestar@gmail.com,0x0,https://icon-staking-details.s3.us-west-2.amazonaws.com/guidestar/logo-256.png,https://www.reddit.com/user/IconGuideStar,0.0,,https://medium.com/@iconguidestar,0x0,,,263792.34145767754,15495.892,https://icon-staking-details.s3.us-west-2.amazonaws.com/guidestar/details.json,15327974,https://twitter.com/iconguidestar,,0.0,279288.23345767753,139.180.219.26:7100,,https://www.youtube.com/channel/UCcjDSQ-We-j506trEwn9G_w,,14000.0,,15327974,139.180.219.26:9000,True,3000000.0,5.87%,89,50
06/07/2022,FRÄ€MD,hxca60d4371ad90d624dc7119f81009d799c168aa1,hxca60d4371ad90d624dc7119f81009d799c168aa1,,,Australia,,AUS,Inactive,https://devshack-prep-storage.s3-ap-southeast-2.amazonaws.com/framd-logo-256.png,,Perth,5296.0,Sydney,0x0,https://devshack-prep-storage.s3-ap-southeast-2.amazonaws.com/framd-logo-512.png,cloud,0.0,0.0,icon@devshack.team,0x3,https://devshack-prep-storage.s3-ap-southeast-2.amazonaws.com/framd-logo.svg,,0.0,,https://www.devshack.team,0x1,,,260559.22946653533,15000.0,https://devshack-prep-storage.s3-ap-southeast-2.amazonaws.com/json/devshack.json,27228224,https://twitter.com/framdnft,,0.0,275559.2294665353,104.197.141.179:7100,,,,11200.0,,27228224,104.197.141.179:9000,False,3000000.0,5.76%,90,51
06/07/2022,Citadel.one,hx3aa778e1f00c77d3490e9e625f1f83ed26f90133,hx3aa778e1f00c77d3490e9e625f1f83ed26f90133,,,RU,,CAN,Synced,https://citadel.one/paradigm256.png,https://github.com/paradigmcitadel,Moscow,15444776.0,Montreal,0x0,https://citadel.one/paradigm_logo.png,cloud,10924.461800000001,15396544.0,partners@paradigmfund.io,0x0,,,337.87,,https://citadel.one/,0x1,,,1840222.9795669918,13563.961500000001,https://citadel.one/icx_regjson.json,7613114,https://twitter.com/Paradigm_fund,https://t.me/Paradigm_Fund,24826.2933,271279.23,84.201.175.163:7100,,,,14000.0,,7613114,http://84.201.175.163:9000,False,3000000.0,0.74%,38,52
06/07/2022,UNBLOCK {ICX GROWTH INCUBATOR},hx554ea6c0c56e6f30682dcaa79a326da3a364899f,hx554ea6c0c56e6f30682dcaa79a326da3a364899f,,,JPN,,JPN,Synced,https://www.unblock.casa/unblock256.png,,TYO,386224.0,Tokyo,0x0,https://unblock.casa/unblock1024.png,on-premise,0.0,382803.0,unblockicon@protonmail.com,0x0,https://unblock.casa/unblock.svg,https://www.reddit.com/user/UNBLOCK_P-REP,0.0,,https://unblock.casa,0x1,,,226773.67168450772,10165.043,https://unblock.casa/json,8139034,https://twitter.com/UNBLOCK99072354,,10165.043,203300.86,144.76.203.165:7100,,,,12000.0,,8139034,144.76.203.165:9000,False,3000000.0,4.48%,97,53
06/07/2022,Arcade Node,hx8d7f98f88560fc957d410afb53c5b269bebc8799,hx8d7f98f88560fc957d410afb53c5b269bebc8799,,,,,USA,Inactive,,,,5296.0,New York,0x0,,,0.0,0.0,icxpromotions@gmail.com,0x3,,,2606.5978,,https://icxpromotions.com,0x1,,,2521836.162707422,10095.1213,https://icxpromotions.com/about,32729404,,,6606.5978,201902.426,3.145.0.144:7100,,,,10000.0,,32729404,,True,3000000.0,0.40%,32,54
06/07/2022,FOMOmental,hx437e3ce53016ffc71be609a4d1194e41a5d89678,hx437e3ce53016ffc71be609a4d1194e41a5d89678,,,,,GBR,Synced,,,,86902.0,London,0x0,,,0.0,85456.0,fomomental@gmail.com,0x0,,,0.0,,https://www.google.com,0x1,,,179457.12672525743,8273.138799999999,https://www.google.com,49121126,,,0.0,165462.776,167.235.56.12:7100,,,,0.0,,49121126,173.249.21.3:9000,True,3000000.0,4.61%,100,55
06/07/2022,A_Block,hxa19a398f4941abed1d0af82fb2f6081b76f29107,hxa19a398f4941abed1d0af82fb2f6081b76f29107,,,,,KOR,Inactive,,,,5296.0,Seoul,0x0,,,0.0,0.0,master@a-block.net,0x3,,,0.0,,https://a-block.net,0x1,,,254362.93332107743,5000.0,https://a-block.net/prep/details.json,10561757,,,0.0,99999.99999999999,52.78.113.173:7100,,,,49999.99999999999,,10561757,,False,3000000.0,1.97%,92,56
06/07/2022,FOMO MASTERNODE,hx35760c56a8e3942a3e4e5cc2ba78b18502b4f421,hx35760c56a8e3942a3e4e5cc2ba78b18502b4f421,,,KOR,,KOR,Inactive,https://raw.githubusercontent.com/fomomasternode/preptestnet3/master/fomologo256.png,https://github.com/fomomasternode,Seoul,4634.0,Seoul,0x0,https://raw.githubusercontent.com/fomomasternode/preptestnet3/master/fomologo1024.png,cloud,0.0,0.0,andrew@fomomasternode.com,0x3,https://raw.githubusercontent.com/fomomasternode/preptestnet3/master/fomologo.svg,,0.0,,https://fomomasternode.com,0x1,,,185075.05151760177,3912.8015,https://raw.githubusercontent.com/fomomasternode/mainnetcitizen/master/details.json,8177099,https://twitter.com/fomomasternode,,3912.8015,78256.03,44.226.58.146:7100,,,,49999.99999999999,,8177099,3.114.212.239:9000,False,3000000.0,2.11%,99,57
06/07/2022,Atomic Wallet,hx5cb1e6d96eb1db986cee37a0a23a796de802a4bc,hx5cb1e6d96eb1db986cee37a0a23a796de802a4bc,,https://www.facebook.com/atomicwallet,FR,,DEU,Synced,https://atomicwallet.io/images/press-kit/atomic_wallet_logo_dark_rounded_256.png,https://github.com/Atomicwallet,Lille,4534426.0,Falkenstein,0x0,https://atomicwallet.io/images/press-kit/atomic_wallet_logo_dark_rounded_1024.png,on-premise,0.0,4523305.0,support@atomicwallet.io,0x0,https://atomicwallet.io/images/press-kit/atomic_wallet_logo_dark_rounded_256.svg,https://www.reddit.com/r/atomicwallet/,0.0,,https://atomicwallet.io,0x1,,,4302123.256630595,0.0,https://services.atomicwallet.io/config/icx-representative-config.json,26889350,https://twitter.com/atomicwallet,https://t.me/AtomicWallet,0.0,0.0,5.9.11.122:7100,,https://www.youtube.com/c/AtomicWallet,,13958.264910793414,,26889350,141.94.248.145:9000,False,3000000.0,0.00%,24,58
06/07/2022,ICON Forge,hx70f9a54bccc5295e4adecbe98d9a291bef4ff9a9,hx70f9a54bccc5295e4adecbe98d9a291bef4ff9a9,,,Sweden,,EST,Synced,https://icon-forge.github.io/P-Rep/icon-forge-256.png,https://github.com/ICON-Forge,Stockholm,262692.0,Tallinn,0x0,https://icon-forge.github.io/P-Rep/icon-forge-1024.png,cloud,0.0,257912.0,hello@iconforge.io,0x0,https://icon-forge.github.io/P-Rep/icon-forge.svg,http://reddit.com/u/iconforge,0.0,,https://www.iconforge.io/,0x1,,,2580895.0592698734,0.0,https://icon-forge.github.io/P-Rep/mainnet_config.json,19255385,https://twitter.com/ICONForge,https://t.me/icon_forge,0.0,0.0,13.49.93.73:7100,,,,13370.0,,19255385,http://13.49.93.73:9000,False,3000000.0,0.00%,31,59
06/07/2022,Danal,hxa69031aef1bbb11ea0ee3647b278c158ecdab767,hxa69031aef1bbb11ea0ee3647b278c158ecdab767,,https://www.facebook.com/payprotocol/,KOR,,KOR,Inactive,https://github.com/payprotocol/logo/blob/main/logo1.png?raw=true,https://github.com/payprotocol,Seoul,0.0,Seoul,0x0,https://github.com/payprotocol/logo/blob/main/logo1.png?raw=true,cloud,0.0,0.0,fabricplane@danalfintech.com,0x0,https://github.com/payprotocol/logo/blob/main/logo1.png?raw=true,,0.0,,http://www.pay-coin.co.kr,0x1,,,2310602.7467250545,0.0,https://raw.githubusercontent.com/payprotocol/logo/main/details.json,26491046,https://twitter.com/payprotocol,https://t.me/payprotocol,0.0,0.0,3.131.196.72:7100,,https://www.youtube.com/channel/UCytSS1yIu8Vliu7WH-FGXrA,,13958.264910793414,,26491046,3.131.196.72:9000,False,3000000.0,0.00%,34,60
06/07/2022,Band Protocol,hx3911d68483684abee3bf0be488aaac7bbaf8d4d2,hx3911d68483684abee3bf0be488aaac7bbaf8d4d2,,,THA,,THA,Inactive,https://bandprotocol-prep.s3-ap-southeast-1.amazonaws.com/band_protocol_256.png,https://github.com/bandprotocol/,Bangkok,2648.0,Bangkok,0x0,,cloud,0.0,0.0,swit@bandprotocol.com,0x0,https://bandprotocol-prep.s3-ap-southeast-1.amazonaws.com/logo-dark.svg,https://www.reddit.com/r/bandprotocol,0.0,,https://bandprotocol.com/,0x1,,,2299888.32068296,0.0,https://bandprotocol-prep.s3-ap-southeast-1.amazonaws.com/details.json,26718284,https://twitter.com/bandprotocol,https://t.me/bandprotocol,0.0,0.0,13.229.29.245:7100,,,,13958.264910793414,,26718284,13.229.29.245:9000,False,3000000.0,0.00%,35,61
06/07/2022,ICON Hyperconnect,hxd5059fec8665bc7b769f4893aef65cf00049377a,hxd5059fec8665bc7b769f4893aef65cf00049377a,,,KOR,,KOR,Inactive,https://i.ibb.co/6D4XjBf/256.png,,Seoul,25787243.0,Seoul,0x0,https://i.ibb.co/sF5tL0D/1024.png,cloud,0.0,25693531.0,iconhyperconnect@gmail.com,0x0,https://svgshare.com/i/Kxk.svg,,1.0,,https://www.iconhyperconnect.com,0x1,,,1887121.461265907,0.0,https://jsonkeeper.com/b/U06Q,16244910,https://twitter.com/markusjayvc,https://t.me/Iconhyperconnect,1.0,0.0,3.137.75.159:7100,,,,14000.0,,16244910,3.137.75.159:9000,False,3000000.0,0.00%,37,62
06/07/2022,ICONPLUS,hxd6f20327d135cb0227230ab98792173a5c97b03e,hx49ce06eab947cb5ba2475781044d305af9d8d9d5,,,GBR,,GBR,Inactive,https://iconplus-mainnet-aws-us-west-2.s3-us-west-2.amazonaws.com/logo-256.png,https://github.com/ICONPLUS/icon_expansion,London,8325015.0,London,0x0,https://iconplus-mainnet-aws-us-west-2.s3-us-west-2.amazonaws.com/logo-1024.png,cloud,0.0,8319632.0,Teamiconplus@gmail.com,0x0,https://iconplus-mainnet-aws-us-west-2.s3-us-west-2.amazonaws.com/logo.svg,https://reddit.com/u/ICONPLUS,0.0,,https://www.ICON-PLUS.org,0x1,,,1567660.1875068597,0.0,https://iconplus-mainnet-aws-us-west-2.s3-us-west-2.amazonaws.com/details.json,15622386,https://twitter.com/PREP_ICONPLUS,https://t.me/PREP_ICONPLUS,0.0,0.0,44.238.168.211:7100,,https://www.youtube.com/channel/UCpSwYMmOdEqqK-j8bwnSReA,,14000.0,1.0,15622386,44.238.168.211:9000,False,3000000.0,0.00%,40,63
06/07/2022,weBloc asia,hxf75bfd0df8d96ee0963965135af2485cee6d5000,hxf75bfd0df8d96ee0963965135af2485cee6d5000,,,,,KOR,Inactive,,,,20134601.0,Jeju,0x0,,,0.0,20119438.0,steve@webloc.io,0x0,,,0.0,,https://www.webloc.io,0x1,,,1436235.1622086922,0.0,http://static.webloc.io/prep/json/webloc-details.json,7641020,,,0.0,0.0,13.125.155.171:7100,,,,14000.0,,7641020,,False,3000000.0,0.00%,41,64
06/07/2022,Alice,hx48b3ed0161c639a4b9ec8f2277cc5ab338af7c9a,hx48b3ed0161c639a4b9ec8f2277cc5ab338af7c9a,,,,,RUS,Inactive,,,,0.0,Moscow,0x0,,,0.0,0.0,alice.prep@gmail.com,0x0,,,0.0,,https://aliceone.online,0x1,,,1058911.6929180226,0.0,https://aliceone.online/json,10699478,,,0.0,0.0,aliceone.online:7100,,,,49999.99999999999,,10699478,,False,3000000.0,0.00%,46,65
06/07/2022,TNTXT,hx863e16bd18ceaa7d498b4b275e36cd58818b1f25,hxb38860401c2b845668682be057b42dff22c27c0f,,,AUS,,AUS,Inactive,https://raw.githubusercontent.com/iconviet/prep/master/iconviet-256.png,,Sydney,19263996.0,Sydney,0x0,https://raw.githubusercontent.com/iconviet/prep/master/iconviet-1024.png,cloud,0.0,19243070.0,tomnuen@gmail.com,0x0,https://raw.githubusercontent.com/iconviet/prep/master/iconviet.svg,,5.0,,https://tntxt.io,0x1,,,889695.9493536099,0.0,https://raw.githubusercontent.com/iconviet/public/master/iconviet.json,7598785,,,5.0,0.0,140.82.11.203:7100,,,,14000.0,,7598785,http://140.82.11.203:9000,False,3000000.0,0.00%,47,66
06/07/2022,MinerGate,hxfac9169f5ee9d3c85c190cfa1208ca45540dcf38,hxfac9169f5ee9d3c85c190cfa1208ca45540dcf38,,,,,FRA,Synced,,,,3367487.0,Paris,0x0,,,102647.54370000001,3345269.0,contact@minergate.com,0x0,,,0.0,,https://minergate.com/icon-public-representative,0x1,,,869061.5784802937,0.0,http://51.15.244.139/details.json,10292831,,,102647.54370000001,0.0,51.38.62.198:7100,,,,49999.99999999999,,10292831,51.38.62.198:9000,False,3000000.0,0.00%,48,67
06/07/2022,block42,hx168d2cfe6d73acb8cb690d3abda54d3af266addf,hx168d2cfe6d73acb8cb690d3abda54d3af266addf,,https://facebook.com/block42.blockchain.company,USA,,AUT,Inactive,https://files.b42.tech/icon/block42-256-circle.png,https://github.com/block42-blockchain-company,Oregon,14378044.0,Vienna,0x0,https://files.b42.tech/icon/block42-1024.png,cloud,0.0,14355262.0,office@block42.tech,0x0,https://files.b42.tech/icon/block42.svg,,0.0,,https://block42.tech,0x1,,https://keybase.io/block42,718012.4727261045,0.0,https://files.b42.tech/icon/config.json,7603128,https://twitter.com/block42_company,https://t.me/block42_icon,0.0,0.0,52.34.9.60:7100,,,,14000.0,,7603128,http://52.34.9.60:9000,False,3000000.0,0.00%,51,68
06/07/2022,DEMOS,hxa92cb92cf29a2e4a7433ebd9103c15b7e71cbafd,hxa92cb92cf29a2e4a7433ebd9103c15b7e71cbafd,,,,,JPN,Inactive,,,,2932160.0,Tokyo,0x0,,,0.0,2930189.0,contact@deblock.co.jp,0x0,,,0.0,,https://www.deblock.co.jp/,0x1,,,641826.8821060258,0.0,http://static.deblock.co.jp/prep/details.json,12093308,,,0.0,0.0,18.177.179.71:7100,,,,14000.0,,12093308,,False,3000000.0,0.00%,53,69
06/07/2022,RHYTHM (Australia),hx18a807c44b0efdc2e02ea503d7bc011cc4242318,hx0b3ae0c5087f2ad0150bcab87ca4f77ea5f541d9,,,AUS,,AUS,Synced,https://icon-staking-details.s3.us-west-2.amazonaws.com/rhythm/logo-256.png,,Brisbane,301840.0,Brisbane,0x0,https://icon-staking-details.s3.us-west-2.amazonaws.com/rhythm/logo-256.png,cloud,0.0,301576.0,rhythmnode@gmail.com,0x0,https://icon-staking-details.s3.us-west-2.amazonaws.com/rhythm/logo-256.png,,0.0,,https://google.com,0x1,,,623623.3186874925,0.0,https://icon-staking-details.s3.us-west-2.amazonaws.com/rhythm/details.json,14865385,,,0.0,0.0,3.110.250.157:7100,,,,49999.99999999999,,14865385,3.110.250.157:9000,False,3000000.0,0.00%,54,70
06/07/2022,Foundry Box Media,hxc5e0b88cb9092bbd8b004a517996139334752f62,hxc5e0b88cb9092bbd8b004a517996139334752f62,,,,,USA,Inactive,,,,661.0,Albuquerque,0x0,,,0.0,0.0,admin@foundryboxmedia.com,0x0,,,0.0,,https://foundryboxmedia.com,0x1,,,582726.7544358559,0.0,https://foundryboxmedia.com/prep/info,7608430,,,0.0,0.0,13.86.179.194:7100,,,,14000.0,2.0,7608430,,True,3000000.0,0.00%,55,71
06/07/2022,Catena,hx9cdb5bd98a1d757ce195a99c6273833b80b51c28,hxa0a99a5e7036b7ed439fbbdb35f8d66f2177a2ae,,,USA,,USA,Inactive,https://peter-mainnet-aws-us-west-2.s3-us-west-2.amazonaws.com/logo-256.png,,Atlanta,2371600.0,Atlanta,0x0,https://peter-mainnet-aws-us-west-2.s3-us-west-2.amazonaws.com/logo-1024.png,cloud,0.0,2371117.0,agilepeters@gmail.com,0x0,https://peter-mainnet-aws-us-west-2.s3-us-west-2.amazonaws.com/logo.svg,,0.0,,https://catena.one/,0x1,,,540679.385308848,0.0,https://peter-mainnet-aws-us-west-2.s3-us-west-2.amazonaws.com/details.json,28590712,http://twitter.com/welcomecatena,,0.0,0.0,44.226.200.169:7100,,https://www.youtube.com/watch?v=ZyzpteWTYkU,,10000.0,,28590712,44.226.200.169:9000,False,3000000.0,0.00%,57,72
06/07/2022,ICX Australia,hx040b667627bbd02619e89439fab48b053e71c666,hx040b667627bbd02619e89439fab48b053e71c666,,,,,AUS,Inactive,,,,1322.0,Melbourne and Adelaide,0x0,,,0.0,0.0,team@icxaustralia.com,0x0,,,0.0,,https://icxaustralia.com,0x1,,,506771.4382874851,0.0,https://s3-ap-southeast-2.amazonaws.com/static.icxaustralia.com/icxaustraliajson.json,7611094,,,0.0,0.0,pubnode.icxaustralia.com:7100,,,,49999.99999999999,,7611094,,False,3000000.0,0.00%,58,73
06/07/2022,Blockchain at Berkeley,hx2cf560d42b3b505314c526336dad5d1f624bdb1f,hx2cf560d42b3b505314c526336dad5d1f624bdb1f,,,USA,,USA,Inactive,https://miro.medium.com/fit/c/256/256/1*6vdTrYTRFjV9BGvLuTnyIw.png,https://github.com/BerkeleyBlockchain,us-west-1,663595.0,Berkeley,0x0,https://drive.google.com/open?id=1yupxJpnmTEDcjxbO4K4oQDy1fMmEKfuK,cloud,91402.9822,660021.0,external@blockchain.berkeley.edu,0x0,https://drive.google.com/open?id=1Oom-nHN-E1x7_rYEY8I_rOOWi1n4dwT8,,518.5156827246135,,https://blockchain.berkeley.edu/,0x1,,,473060.44893802865,0.0,https://blockchain.berkeley.edu/wp-content/uploads/details.json,7631083,https://twitter.com/calblockchain,,91921.49788272461,0.0,95.168.189.25:7100,,https://www.youtube.com/channel/UC5sgoRfoSp3jeX4DEqKLwKg,,49999.99999999999,,7631083,13.57.3.181:9000,False,3000000.0,0.00%,60,74
06/07/2022,Symmetry SLC,hxab751d4e83b6fda412a38cb5f7f96860396b1327,hxab751d4e83b6fda412a38cb5f7f96860396b1327,,,USA,,USA,Inactive,https://images.squarespace-cdn.com/content/v1/5da7b8c2a8dca01c7fd76749/1571799474695-H2FJLL1I19CD984UGB66/ke17ZwdGBToddI8pDm48kHxZW8G9yQIB8WDax7xpbxxZw-zPPgdn4jUwVcJE1ZvWhcwhEtWJXoshNdA9f1qD7Wt5K3jmsiBpJAJjNxwpFT48K2g_wJ5Tvrry30-swdfDUdj1yWJm5f7xpqDxWrxJCQ/SSLC+Logo+150x150.png?format=300w,,Salt Lake City,23038223.0,Salt Lake City,0x0,https://images.squarespace-cdn.com/content/v1/5da7b8c2a8dca01c7fd76749/1571799500406-MA6DWI6PQ642ASJ1KK19/ke17ZwdGBToddI8pDm48kHldqyjDwaeS7kYSmaCmglZ7gQa3H78H3Y0txjaiv_0fDoOvxcdMmMKkDsyUqMSsMWxHk725yiiHCCLfrh8O1z5QHyNOqBUUEtDDsRWrJLTmxIv-U8QkF7Aqck8oUqvfAAOvy8DUzW3k1lLKw2Wu7uCpNBpi2q7oKJPU7loduYjD/SSLC+Logo+1400x1400.png?format=1500w,cloud,0.0,22993303.0,ICON@SymmetrySLC.com,0x0,https://symmetry-icon-json-data.s3.amazonaws.com/symmetry.svg,,0.0,,https://SymmetrySLC.com,0x1,,,452523.48173287476,0.0,https://symmetry-icon-json-data.s3.amazonaws.com/prod-dc.json,10085076,https://twitter.com/SymmetrySLC,,0.0,0.0,169.48.79.54:7100,,,,14000.0,,10085076,169.48.79.54:9000,False,3000000.0,0.00%,61,75
06/07/2022,HOLA ICON,hxa615b432cb84c3f2ed22194b32df317b474ec2c9,hxa615b432cb84c3f2ed22194b32df317b474ec2c9,,,,,ESP,Inactive,,,,0.0,Malaga,0x0,,,0.0,0.0,contacto@holaicon.com,0x0,,,0.0,,http://www.holaicon.com,0x1,,,422159.7838787823,0.0,http://www.holaicon.com/json/details.json,9358198,,,0.0,0.0,88.99.216.112:7100,,,,14000.0,,9358198,,False,3000000.0,0.00%,63,76
06/07/2022,StakingTeam,hx19ccfc00b5af79ac75aaae9676b1f9ed5c9b5ca3,hx19ccfc00b5af79ac75aaae9676b1f9ed5c9b5ca3,,,DEU,,ITA,Inactive,https://icon.stakingteam.com/images/stakingteam-256.png,,Nuremberg,69079.0,Milan,0x0,https://icon.stakingteam.com/images/stakingteam-1024.png,cloud,100.0,68465.0,info@stakingteam.com,0x0,,,0.0,,https://stakingteam.com,0x1,,,413479.0855895551,0.0,https://icon.stakingteam.com/citizen2.json,7676262,https://twitter.com/stakingteam,https://t.me/stakingteam,100.0,0.0,116.203.209.7:7100,,,,49999.99999999999,,7676262,116.203.209.7:9000,False,3000000.0,0.00%,64,77
06/07/2022,Deblock with STAYGE,hx4adc5a79b2fb3631790f6dca22d7b6e4912e6e85,hx4adc5a79b2fb3631790f6dca22d7b6e4912e6e85,,https://www.facebook.com/deblock.co.kr/,KOR,,KOR,Inactive,https://s3.ap-northeast-2.amazonaws.com/static.stayge.io/prep/img/logo_256.png,,Seoul,4884741.0,Seoul,0x0,https://s3.ap-northeast-2.amazonaws.com/static.stayge.io/prep/img/logo_1024.png,cloud,0.0,4880597.0,info@stayge.io,0x0,https://s3.ap-northeast-2.amazonaws.com/static.stayge.io/prep/img/logo.svg,,0.0,,https://stayge.io/en/p-rep,0x1,,,400403.8770951559,0.0,http://static.stayge.io/prep/json/deblock-stayge-details.json,7638981,https://twitter.com/Deblockvc,https://t.me/stg_en,0.0,0.0,13.124.127.40:7100,,,,40000.0,,7638981,https://ctz.stayge.io:9000,False,3000000.0,0.00%,65,78
06/07/2022,ICON Labs,hx50040d39a04b7bc9197e9784779f07f9a6887811,hx758c8b7b83c9a8f4e4270a057ccad3c063fedd0f,,,USA,,USA,Inactive,https://icon-staking-details.s3.us-west-2.amazonaws.com/icon-labs/iconlabs-logo-256.png,,Houston,0.0,Houston,0x0,https://icon-staking-details.s3.us-west-2.amazonaws.com/icon-labs/iconlabs-logo-1024.png,cloud,0.0,0.0,contact@iconlabs.dev,0x0,https://icon-staking-details.s3.us-west-2.amazonaws.com/icon-labs/iconlabs-logo-1024.svg,,0.0,,https://iconlabs.dev,0x1,,,380466.51992082974,0.0,https://icon-staking-details.s3.us-west-2.amazonaws.com/icon-labs/details.json,13660583,http://twitter.com/icxlabs,,0.0,0.0,52.11.79.74:7100,,,,47059.24527154455,,13660583,116.203.0.9:9000,False,3000000.0,0.00%,67,79
06/07/2022,ICXburners  (We burn our node rewards!),hx60ad5da1c0eb80f52ef7be5b07e590108078a96e,hxb03cca443a0ce9e21d343973626b2b3377a5cc36,,,New Zealand,,NZL,Inactive,https://icon-burner-mainnet-aws-us-west-2.s3-us-west-2.amazonaws.com/logo-256.png,,Dunedin,0.0,Dunedin,0x0,https://icon-burner-mainnet-aws-us-west-2.s3-us-west-2.amazonaws.com/logo-1024.png,cloud,0.0,0.0,icxburners@protonmail.com,0x0,https://icon-burner-mainnet-aws-us-west-2.s3-us-west-2.amazonaws.com/logo.svg,,0.0,,https://twitter.com/ICXburners,0x1,,,368678.196767887,0.0,https://icon-burner-mainnet-aws-us-west-2.s3-us-west-2.amazonaws.com/details.json,32602041,https://twitter.com/ICXburners,https://t.me/icxburners,0.0,0.0,44.234.218.52:7100,,,,10000.0,,32602041,44.234.218.52:9000,False,3000000.0,0.00%,68,80
06/07/2022,Oasis,hx42c103859f2cc380bacb5b0ad3b058d7fe57f430,hx4eed4ff1719c89b50c051ec4af821e8944dd92d7,,,,,USA,Inactive,,,,258720.0,Puerto Rico,0x0,,,0.0,258105.0,ICONOASIS@gmail.com,0x0,,,0.0,,https://prep-registration-assured-haddock.s3-us-west-2.amazonaws.com/index.html,0x1,,,366322.3029694614,0.0,https://icon-staking-details.s3.us-west-2.amazonaws.com/oasis/details.json,14342873,,,0.0,0.0,54.70.115.235:7100,,,,49999.99999999999,,14342873,,False,3000000.0,0.00%,69,81
06/07/2022,ICON4Education,hxd00b8fe10deb49aa291a9b2cb460779fc622fa12,hxd00b8fe10deb49aa291a9b2cb460779fc622fa12,,,USA,,USA,Inactive,https://user-images.githubusercontent.com/58829210/79045523-92d87380-7bd9-11ea-80c0-4b5a370c98b2.png,,San Francisco,0.0,San Francisco,0x0,https://user-images.githubusercontent.com/58829210/79045523-92d87380-7bd9-11ea-80c0-4b5a370c98b2.png,Cloud,2.1438,0.0,ICON4Education@gmail.com,0x0,,,0.0,,https://twitter.com/ICON4Education,0x1,,,357539.86038764945,0.0,https://gist.githubusercontent.com/Icon4Education/723f6e34ce304083f53ae13cce7192fb/raw/b9a663a2e4640092734d55edd74765e93a13e96c/details.json,12385845,https://twitter.com/Low_Inflation,,2.1438,0.0,206.189.75.250:7100,,,,10000.0,,12385845,http://206.189.75.250:9000,False,3000000.0,0.00%,70,82
06/07/2022,Newroad,hx9571df0bd727ce18adc177e8fd6bc45f885b3382,hx9571df0bd727ce18adc177e8fd6bc45f885b3382,,,NLD,,NLD,Inactive,,,Amsterdam,73398.0,Amsterdam,0x0,,cloud,0.0,72634.0,info@newroad.capital,0x0,,,0.0,,https://newroad.network/,0x1,,,351615.95543932,0.0,https://newroad.network/PrepDetails.json,7601234,,,0.0,0.0,5.189.170.65:7100,,,,14000.0,,7601234,http://ctz.newroad.network:9000,False,3000000.0,0.00%,71,83
06/07/2022,ICONLEO (TOP 5 Voters receive bonus 80% of prep daily rewards),hx02645148d0887cd1daf345e3eabf8871780398e5,hxfdcd12d6cab5d684859076ded73c726f29b1ea7b,,,LVA,,CHE,Inactive,https://iconleo-mainnet-aws-us-west-2.s3-us-west-2.amazonaws.com/logo-256.png,,Riga,0.0,Zurich,0x0,https://iconleo-mainnet-aws-us-west-2.s3-us-west-2.amazonaws.com/logo-1024.png,cloud,0.0,0.0,v@inbox.eu,0x0,https://iconleo-mainnet-aws-us-west-2.s3-us-west-2.amazonaws.com/logo.svg,,0.0,,https://twitter.com/iconleo5,0x1,,,339597.6506558187,0.0,https://iconleo-mainnet-aws-us-west-2.s3-us-west-2.amazonaws.com/details.json,14415926,,,0.0,0.0,44.235.153.121:7100,,,,14000.0,,14415926,44.235.153.121:9000,False,3000000.0,0.00%,74,84
06/07/2022,ICON USA,hxbf0f9646b09b0e0943ed768795c0d6c32a758d35,hxbf0f9646b09b0e0943ed768795c0d6c32a758d35,,,,,USA,Inactive,,,,0.0,Brooklyn,0x0,,,0.0,0.0,iconusaprep@gmail.com,0x0,,,0.0,,https://google.com,0x1,,,336682.08260782587,0.0,http://prep-registration-unique-katydid.s3-website.us-east-2.amazonaws.com/details.json,15108794,,,0.0,0.0,3.16.177.23:7100,,,,44567.67894778425,,15108794,,False,3000000.0,0.00%,75,85
06/07/2022,Coda Labs,hx6fefe6d0174357ba1c8f086a54ab1b277064e65f,hx6fefe6d0174357ba1c8f086a54ab1b277064e65f,,,Los Angeles,,USA,Inactive,https://raw.githubusercontent.com/tempoicx/prep/main/assets/tempo-logo-256.png,https://github.com/tempoicx,USA,0.0,Los Angeles,0x0,https://raw.githubusercontent.com/tempoicx/prep/main/assets/tempo-logo-1024.png,cloud,0.0,0.0,contact@tempoicx.com,0x0,https://raw.githubusercontent.com/tempoicx/prep/main/assets/tempo-logo.svg,,0.0,,https://coda.network,0x1,,,331832.9820750095,0.0,https://coda.network/prep.json,30552591,https://twitter.com/tempoicx,,0.0,0.0,prep.tempoicx.com:7100,,,,10000.0,2.0,30552591,http://prep.tempoicx.com:9000,True,3000000.0,0.00%,76,86
06/07/2022,Transform Group,hxec5e4136ddbf8e9aa119694b95d1baeecf947ee9,hx7e5e9f2e59941e30cd2fef605ef8e232daac6dbc,,https://facebook.com/michaelterpin,PRI,,PRI,Inactive,http://prep-registration-cute-gull.s3-website.us-east-2.amazonaws.com/logo_256.png,,San Juan,0.0,San Juan,0x0,http://prep-registration-cute-gull.s3-website.us-east-2.amazonaws.com/logo_256.png,cloud,0.0,0.0,info@transformgroup.com,0x0,http://prep-registration-cute-gull.s3-website.us-east-2.amazonaws.com/logo_svg.svg,,0.0,,https://transformgroup.com,0x1,,,307471.78665185807,0.0,http://prep-registration-cute-gull.s3-website.us-east-2.amazonaws.com/details.json,23242240,https://twitter.com/transformpr,https://t.me/michaelterpin,0.0,0.0,3.128.245.157:7100,,,,13958.264910793414,,23242240,3.128.245.157:9000,False,3000000.0,0.00%,79,87
06/07/2022,POCKET / FIGMENT,hxe886f81684bbecddd69a608093fb88624c94d20a,hxe886f81684bbecddd69a608093fb88624c94d20a,,,,,CAN,Inactive,,,,245155.0,Montreal,0x0,,,0.0,238117.0,contact@figment.network,0x0,,,0.0,,https://p-rep.community/candidates/pocket-figment/,0x1,,,291020.6575829221,0.0,https://p-rep.community/pocket-figment.json,7600809,,,0.0,0.0,66.70.178.32:7100,,,,49999.99999999999,,7600809,,False,3000000.0,0.00%,81,88
06/07/2022,Staked,hxdcff7a1ab76ba34a9e3c85b0f1e7b2bf436ac024,hxdcff7a1ab76ba34a9e3c85b0f1e7b2bf436ac024,,,USA,,USA,Inactive,https://storage.googleapis.com/static-webapp-220401-prod/static/i/fav/apple-touch-icon.a348381cd490.png?v=gAa6AEel3x,https://github.com/stakedllc,Boston,0.0,Boston,0x0,https://storage.googleapis.com/static-webapp-220401-prod/static/i/fav/apple-touch-icon.a348381cd490.png?v=gAa6AEel3x,cloud,0.0,0.0,devops@staked.us,0x0,https://staked.us/sprites.svg,,4.921,,https://icon.staked.us,0x1,,,287801.46804640896,0.0,https://storage.googleapis.com/icon-json-data/prod.json,7713500,https://twitter.com/staked_us,https://t.me/staked_official,4.921,0.0,3.225.16.37:7100,,,,49999.99999999999,,7713500,3.225.16.37:9000,False,3000000.0,0.00%,82,89
06/07/2022,ICX Malta,hx05493cc93caf332f46715411e12c927750d210b6,hx05493cc93caf332f46715411e12c927750d210b6,,,,,MLT,Inactive,,,,0.0,Valletta,0x0,,,0.0,0.0,icxmalta@gmail.com,0x0,,,0.0,,https://icxmalta.com,0x1,,,282234.76730481116,0.0,http://18.221.42.9/icxmalta.json,18117684,,,0.0,0.0,18.221.42.9:7100,,,,14800.0,,18117684,,False,3000000.0,0.00%,83,90
06/07/2022,ICON Slovenia,hx21a916b7a01b900861ca3f3b7ac76ba316169f8c,hx21a916b7a01b900861ca3f3b7ac76ba316169f8c,,,,,SVN,Inactive,,,,0.0,Ljubljana,0x0,,,0.0,0.0,iconslovenia@gmail.com,0x0,,,0.0,,https://github.com/iconslovenia,0x1,,,280226.9960195345,0.0,https://raw.githubusercontent.com/iconslovenia/about/main/details.json,9634176,,,0.0,0.0,88.99.95.232:7100,,,,14000.0,,9634176,,False,3000000.0,0.00%,84,91
06/07/2022,DELIGHT,hx004783f10b0bd56764535cf931650dfe6d42cd9e,hx004783f10b0bd56764535cf931650dfe6d42cd9e,,,,,KOR,Inactive,,,,0.0,Seoul,0x0,,,37947.5991,0.0,contact@de-light.io,0x0,,,0.0,,https://de-light.io,0x1,,,274719.6815535072,0.0,https://de-light.io/icon/de-light_icon.json,7598644,,,37947.5991,0.0,node.icon.de-light.io:7100,,,,49999.99999999999,,7598644,,False,3000000.0,0.00%,85,92
06/07/2022,ICON London,hx475e37c2decf56f5bf678060e3937c944921ccba,hxaea3a212ace02dfd68e5c2723d54147978940658,,,GBR,,GBR,Inactive,https://icon-london-mainnet-aws-us-west-2.s3-us-west-2.amazonaws.com/logo-256.png,,London,0.0,London,0x0,https://icon-london-mainnet-aws-us-west-2.s3-us-west-2.amazonaws.com/logo-1024.png,cloud,0.0,0.0,jackamasterson@hotmail.co.uk,0x0,https://icon-london-mainnet-aws-us-west-2.s3-us-west-2.amazonaws.com/logo.svg,,0.0,,https://icon-london-mainnet-aws-us-west-2.s3-us-west-2.amazonaws.com/icon-london.html,0x1,,,274651.9918315458,0.0,https://icon-london-mainnet-aws-us-west-2.s3-us-west-2.amazonaws.com/details.json,13736264,https://twitter.com/icon_london,https://t.me/iconlondon,0.0,0.0,52.42.174.154:7100,,,,47061.92034048148,,13736264,52.42.174.154:9000,False,3000000.0,0.00%,86,93
06/07/2022,Signal9,hxc93a0be07e8a74d9a86d8b12e569b91154681bc8,hxc93a0be07e8a74d9a86d8b12e569b91154681bc8,,,,,KOR,Inactive,,,,8058530.0,Seoul,0x0,,,0.0,8051724.0,support@signal9.io,0x0,,,0.0,,https://www.signal9.io/en/,0x1,,,272179.02776212385,0.0,https://signal9-prep-assets.s3.ap-northeast-2.amazonaws.com/prep_detail.json,7599230,,,0.0,0.0,13.209.183.179:7100,,,,40000.0,,7599230,,False,3000000.0,0.00%,87,94
06/07/2022,icon-node-NL,hx11434d1fce3edecf0e84a9c992a712f0cebf6992,hx11434d1fce3edecf0e84a9c992a712f0cebf6992,,,NLD,,NLD,Inactive,https://icon.foundation/prep/logo256.png,,Dronten,0.0,Dronten,0x0,https://icon.foundation/prep/logo1024.png,cloud,0.0,0.0,nocadmin@pm.me,0x0,https://icon.foundation/prep/logo.svg,,0.0,,https://www.node-icon.web.hosting-russia.ru/,0x1,,,264878.768808306,0.0,https://www.node-icon.web.hosting-russia.ru/prep/details.json,15922175,,https://t.me/icon_ru,0.0,0.0,194.147.115.11:7100,,https://www.youtube.com/channel/UCezsIVEFMNgazOnxWjsToQA,,40373.27307073483,,15922175,194.147.115.11:9000,False,3000000.0,0.00%,88,95
06/07/2022,ICONNECT-Global,hx3571351614f64721081996247e53f6436ed05e55,hx3571351614f64721081996247e53f6436ed05e55,,,,,KEN,Inactive,,,,43120.0,Nairobi,0x0,,,0.0,42453.0,254prep@gmail.com,0x0,,,34.097,,http://iconnect.global,0x1,,,256527.7003163354,0.0,http://adaf.io/json,7615334,,,34.097,0.0,213.136.68.22:7100,,,,49999.99999999999,,7615334,,False,3000000.0,0.00%,91,96
06/07/2022,Chainode Tech,hxd2de5d155251ff62bf2f6c2aa616da6472886165,hxd2de5d155251ff62bf2f6c2aa616da6472886165,,,DEU,,CHE,Inactive,https://chainode.tech/img/icn/ChainodeTech_256.png,https://github.com/Chainode,Frankfurt,273876.0,Zug,0x0,https://chainode.tech/img/icn/ChainodeTech_1024.png,cloud,0.0,269444.0,contact@chainode.tech,0x0,https://chainode.tech/img/icn/ChainodeTech_logo.svg,https://www.reddit.com/user/ChainodeCapital,0.0,,https://chainode.tech,0x1,,https://keybase.io/chainodecapital,253848.3670031788,0.0,https://chainode.tech/icnmain/details.json,7602739,https://twitter.com/ChainodeTech,https://t.me/ChainodeCapitalChat,0.0,0.0,144.91.102.161:7100,,,,14000.0,,7602739,144.91.102.161:9000,False,3000000.0,0.00%,93,97
06/07/2022,ICON Spark,hx54ebaf568d1d3e61a4ff7d648d3e5cb7ff6179ce,hx54ebaf568d1d3e61a4ff7d648d3e5cb7ff6179ce,,,USA,,USA,Inactive,,,,0.0,ICON,0x0,,cloud,0.0,0.0,support@iconspark.net,0x0,,,0.0,,http://www.iconspark.net,0x1,,,234912.46259273548,0.0,https://iconspark.s3.amazonaws.com/iconspark.json,15114981,,,0.0,0.0,52.86.97.71:7100,,,,11500.000000000002,,15114981,52.86.97.71:9000,False,3000000.0,0.00%,95,98
06/07/2022,ICON France,hxf0e7b39f0d43591c9a5c823eb19b90462fa51c30,hxf0e7b39f0d43591c9a5c823eb19b90462fa51c30,,,,,FRA,Inactive,,,,0.0,Nantes,0x0,,,0.0,0.0,administrateur@icx-france.com,0x0,,,0.0,,https://icx-france.com,0x1,,,232476.54534800924,0.0,https://icx-france.com/json,30614582,,,0.0,0.0,node.icx-france.com:7100,,,,10000.0,,30614582,,False,3000000.0,0.00%,96,99
06/07/2022,ICON BOOM,hxd19d4bc5a9eef4e044d83abc82d903ac80504ac8,hxd19d4bc5a9eef4e044d83abc82d903ac80504ac8,,,,,GBR,Inactive,,,,0.0,London,0x0,,,13396.757599999999,0.0,youremail@gmail.com,0x0,,,1438.5291,,https://iconboom.co.uk,0x1,,,223906.86382183552,0.0,http://prep-registration-comic-pup.s3-website.eu-west-2.amazonaws.com/details.json,14728133,,,14835.286699999999,0.0,3.11.156.255:7100,,,,45851.08812616108,,14728133,,False,3000000.0,0.00%,98,100
06/07/2022,Gilga Capital (NEW - LETS GROW ICON),hxadad43bd60785979ed2ecea55df1eb8049162b04,hxadad43bd60785979ed2ecea55df1eb8049162b04,,,,,CAN,Inactive,,,,0.0,Toronto,0x0,,,0.0,0.0,rodney@gilga.io,0x0,,,0.0,,https://gilga.io,0x2,,,114668.5872161531,0.0,https://gilga.io/details.json,8314232,,,0.0,0.0,3.13.49.228:7100,,,,49999.99999999999,,8314232,,False,3000000.0,0.00%,101,101
06/07/2022,Iconserve,hxd243919468353a59250114d3ea891de8486f37c0,hxd243919468353a59250114d3ea891de8486f37c0,,,,,NLD,Inactive,,,,0.0,Amsterdam,0x0,,,0.0,0.0,admin@iconserve.eu,0x0,,,0.0,,https://iconserve.eu,0x2,,,93245.14071429716,0.0,https://raw.githubusercontent.com/Iconserve/Iconserve/master/prepdetails.json,12872763,,,0.0,0.0,85.214.207.194:7100,,,,49999.99999999999,,12872763,,False,3000000.0,0.00%,102,102
06/07/2022,Icon Panda,hx8e882ac085ca90e5ef19364ffda6646acceed3b8,hx8e882ac085ca90e5ef19364ffda6646acceed3b8,,,USA,,USA,Inactive,,https://github.com/iconpanda,San Jose,0.0,San Jose,0x0,,cloud,0.0,0.0,iconpanda96@gmail.com,0x0,,,0.0,,https://github.com/iconpanda,0x2,,,90152.02194812111,0.0,https://raw.githubusercontent.com/iconpanda/Iconpanda.github.io/master/prep/json/iconpanda.json,15337272,https://twitter.com/iconpanda1,,0.0,0.0,157.245.237.179:7100,,,,42782.09405661484,,15337272,157.245.237.179:9000,False,3000000.0,0.00%,103,103
06/07/2022,HypoICON,hx2571420b7d3977611cea1d1646579aeef2fb6dfa,hx2571420b7d3977611cea1d1646579aeef2fb6dfa,,,USA,,USA,Inactive,https://rush2vishu-2020.s3.amazonaws.com/HypoICON-JMD.PNG,,Newyork,0.0,New York,0x0,https://rush2vishu-2020.s3.amazonaws.com/HypoICON-JMD.PNG,cloud,0.0,0.0,vishalbhalla001@gmail.com,0x0,,,0.0,,https://twitter.com/IconHypo,0x2,,,89915.77712743368,0.0,https://raw.githubusercontent.com/rush2vishal/ICONPub/master/prepsdetails.json,13144501,https://twitter.com/krypto_maverick,,0.0,0.0,3.95.125.133:7100,,,,25600.0,,13144501,3.95.125.133:9000,False,3000000.0,0.00%,104,104
06/07/2022,ICONPool,hxc1717a36b5288b92586b93d3c20f247b2bab1a26,hxc1717a36b5288b92586b93d3c20f247b2bab1a26,,,,,USA,Inactive,,,,0.0,Ohio,0x0,,,0.0,0.0,blockdevs@protonmail.com,0x0,,,0.0,,https://iconpool.io,0x2,,,87081.48309069568,0.0,https://iconpool.io/resources/details.json,26609284,,,0.0,0.0,3.139.127.77:7100,,,,13958.264910793414,,26609284,,False,3000000.0,0.00%,105,105
06/07/2022,manifest-icon,hxecf2a15a708dde0cf35aedb22344bd0fe0f88f98,hxecf2a15a708dde0cf35aedb22344bd0fe0f88f98,,,DEU,,CHE,Inactive,https://manifest-icon.com/wp-content/uploads/2019/10/logo_256.png,,Frankfurt,0.0,"ZURICH,WARSAW",0x0,https://manifest-icon.com/wp-content/uploads/2019/10/logo_1024.png,cloud,0.0,0.0,wowas@bluewin.ch,0x0,,https://www.reddit.com/user/Manifest-icon,0.0,,https://manifest-icon.com,0x2,,,73869.22405614349,0.0,https://manifest-icon.com/PREP_JSON.json,10294570,https://twitter.com/IconManifest,https://t.me/manifesticon,0.0,0.0,194.230.155.196:7100,,,,49999.99999999999,,10294570,194.230.155.196:9000,False,3000000.0,0.00%,106,106
06/07/2022,ICON Russia,hx704cf476389a2e3ab13ca33eeea9480ee172cf60,hx704cf476389a2e3ab13ca33eeea9480ee172cf60,,,Russia,,RUS,Inactive,http://ossuan.com/russia256.jpg,,Saint-Petersburg,0.0,Saint-Petersburg,0x0,http://ossuan.com/russia1024.jpg,,0.0,0.0,alex.k@ossuan.com,0x0,,,0.0,,http://ossuan.com,0x2,,,64751.82661358943,0.0,http://ossuan.com/oss.json,16696254,,,0.0,0.0,185.151.241.71:7100,,,,42901.57916959532,,16696254,,False,3000000.0,0.00%,107,107
06/07/2022,FOCUS,hx6f09a1d35ea1f22467df4f0d04a78b4422dcd30e,hx6f09a1d35ea1f22467df4f0d04a78b4422dcd30e,,,USA,,USA,Inactive,https://raw.githubusercontent.com/cristim20/FOCUS/master/focus256.png,,BOSTON,0.0,BOSTON,0x0,https://raw.githubusercontent.com/cristim20/FOCUS/master/focus1024.png,CLOUD,0.0,0.0,icxfocus@gmail.com,0x0,,,0.0,,https://www.iconfoc.us,0x2,,,63629.061229559775,0.0,https://raw.githubusercontent.com/cristim20/FOCUS/master/config.json,15388727,https://twitter.com/ICXFOCUS,,0.0,0.0,34.71.177.115:7100,,,,42790.97431662615,,15388727,34.71.177.115:9000,False,3000000.0,0.00%,108,108
06/07/2022,Bara-Node,hxfbddc0f1c0ab85e59578de4b883cdcf94ab33694,hxfbddc0f1c0ab85e59578de4b883cdcf94ab33694,,,,,ARE,Inactive,,,,0.0,Dubai,0x0,,,0.0,0.0,mekkahmaddeenah@gmail.com,0x0,,,0.0,,https://twitter.com/BaraNode,0x2,,,60570.92750201999,0.0,https://icon.oaknode.com/p-rep/bara-node.json,13429338,,,0.0,0.0,35.224.139.66:7100,,,,49999.99999999999,,13429338,,False,3000000.0,0.00%,109,109
06/07/2022,ICON WHALE,hx5f4e22b12f50da1927660eaafb87aa8a1bc91610,hx9a858ad3d08f492eecd983089b4dbc61dbbc616a,,,AUS,,AUS,Inactive,https://icon-whale-mainnet-aws-us-west-2.s3-us-west-2.amazonaws.com/logo-256.png,,Perth,0.0,Perth,0x0,https://icon-whale-mainnet-aws-us-west-2.s3-us-west-2.amazonaws.com/logo-1024.png,cloud,0.0,0.0,cem@iconwhale.com,0x0,https://icon-whale-mainnet-aws-us-west-2.s3-us-west-2.amazonaws.com/logo.svg,,0.0,,https://iconwhale.com,0x2,,,60261.595794789486,0.0,https://icon-whale-mainnet-aws-us-west-2.s3-us-west-2.amazonaws.com/details.json,30419022,https://twitter.com/prep_iconwhale,,0.0,0.0,52.11.205.151:7100,,,,10000.0,,30419022,52.11.205.151:9000,False,3000000.0,0.00%,110,110
06/07/2022,DRAICON BALL,hxf85e4d956f1dfad8d713421ab58b24863c28b28a,hxf85e4d956f1dfad8d713421ab58b24863c28b28a,,,,,KOR,Inactive,,,,41137.0,Seoul,0x0,,,0.0,40354.0,renov.jung@gmail.com,0x0,,,0.0,,https://www.iconworld.io,0x2,,,57450.83136361172,0.0,https://www.iconworld.io/draiconball_detail.json,7604948,,,0.0,0.0,52.78.0.124:7100,,,,49999.99999999999,,7604948,,False,3000000.0,0.00%,111,111
06/07/2022,ICON Thailand,hx1be230522449d87274fa8f326fed22e3cacfe4c0,hx1be230522449d87274fa8f326fed22e3cacfe4c0,,,,,THA,Inactive,,,,0.0,Phuket,0x0,,,0.0,0.0,sales@phuketgenie.com,0x0,,,0.0,,https://twitter.com/Condoka,0x2,,,54072.517208863115,0.0,https://icon.oaknode.com/p-rep/iconthailand.json,13685499,,,0.0,0.0,35.239.120.251:7100,,,,14000.0,,13685499,,False,3000000.0,0.00%,112,112
06/07/2022,CCBR_POSTECH,hx0d0882a489794eeb9d176bcc80b664ff9d54e616,hx0d0882a489794eeb9d176bcc80b664ff9d54e616,,,,,KOR,Inactive,,,,0.0,Pohang,0x0,,,0.0,0.0,kjheon1118@postech.ac.kr,0x0,,,0.0,,http://ccbr.postech.ac.kr,0x2,,,53874.1632,0.0,https://github.com/alterkim/prep-config/blob/master/config.json,26491016,,,0.0,0.0,141.223.82.187:7100,,,,13958.264910793414,,26491016,,False,3000000.0,0.00%,113,113
06/07/2022,Nodeasy.com,hxfe9a226b2910584cebd9596e4effd8a8c0e3e039,hxfe9a226b2910584cebd9596e4effd8a8c0e3e039,,,,,CHN,Inactive,,,,0.0,Hangzhou,0x0,,,0.0,0.0,yuanjun@bitopia.cn,0x0,,,0.0,,https://www.nodeasy.com,0x2,,,53077.361159071545,0.0,https://www.nodeasy.com/relevant/about,7647807,,,0.0,0.0,173.249.53.224:7100,,,,49999.99999999999,,7647807,,False,3000000.0,0.00%,114,114
06/07/2022,ICON Econ,hx800853ad662997466bd41653329ba97a2ed1f838,hx800853ad662997466bd41653329ba97a2ed1f838,,,,,USA,Inactive,,,,0.0,San Francisco,0x0,,,0.0,0.0,nanaisback@protonmail.com,0x0,,,0.0,,https://insight-icon.net,0x2,,,47192.714211665014,0.0,http://prep-registration-immune-crawfish.s3-website.us-east-2.amazonaws.com/details.json,18619147,,,0.0,0.0,3.130.56.105:7100,,,,40808.416491725235,,18619147,,False,3000000.0,0.00%,115,115
06/07/2022,OZYS node,hxa1c5965588ea0615e64313a770c20b069033db7b,hxa1c5965588ea0615e64313a770c20b069033db7b,,,,,KOR,Inactive,,,,0.0,Seoul,0x0,,,0.0,0.0,support@orbitchain.io,0x0,,,0.0,,https://orbitchain.io/,0x2,,,47123.65685075661,0.0,https://orbitchain.io/json,23807922,,,0.0,0.0,54.238.25.176:7100,,,,13958.264910793414,,23807922,,False,3000000.0,0.00%,116,116
06/07/2022,Sunrise,hx6deee24065b8fa75298b0a22c5a221e2587ba09d,hx6deee24065b8fa75298b0a22c5a221e2587ba09d,,,,,CAN,Inactive,,,,0.0,Vancouver,0x0,,,0.0,0.0,hellosunrise18@gmail.com,0x0,,,0.0,,https://twitter.com/hellosunrise18,0x2,,,41745.73852584438,0.0,http://meta.icon.oaknode.com/wayneliang.icon.oaknode.com.json,14346249,,,0.0,0.0,35.222.254.39:7100,,,,46864.61193284646,,14346249,,False,3000000.0,0.00%,117,117
06/07/2022,ICXmerch,hxa83c659bcebca1c6cbf9a94477a7005d09461569,hxa83c659bcebca1c6cbf9a94477a7005d09461569,,,,,ARE,Inactive,,,,0.0,Dubai,0x0,,,0.0,0.0,shop@icxmerch.com,0x0,,,0.0,,http://ICXmerch.com,0x2,,,41053.85580821483,0.0,http://meta.icon.oaknode.com/icxmerch.icon.oaknode.com,14386173,,,0.0,0.0,34.70.147.111:7100,,,,45998.03953432434,,14386173,,False,3000000.0,0.00%,118,118
06/07/2022,X-node,hxd5ff5a97308534af8234bfe78fd979e74d9f2920,hxd5ff5a97308534af8234bfe78fd979e74d9f2920,,,,,KOR,Inactive,,,,0.0,Seoul,0x0,,,28.791,0.0,icon@gmail.com,0x0,,,0.0,,https://twitter.com/,0x2,,,40740.601130037154,0.0,http://prep-registration-exotic-cowbird.s3-website-us-east-1.amazonaws.com/details.json,16066375,,,28.791,0.0,3.223.159.147:7100,,,,40420.71173015988,,16066375,,False,3000000.0,0.00%,119,119
06/07/2022,VOTE for PREP DEVSHACK,hx29fbc9cfb184d75d74cab33c70820a696998b596,hx29fbc9cfb184d75d74cab33c70820a696998b596,,,,,GRD,Inactive,,,,0.0,Grenada,0x0,,,0.0,0.0,iconnode@gmail.com,0x0,,,0.0,,https://iconvotemonitor.com/validator/hxca60d4371ad90d624dc7119f81009d799c168aa1,0x2,,,37433.830944671616,0.0,http://prep-registration-charmed-goose.s3-website-eu-west-1.amazonaws.com/details.json,14557655,,,0.0,0.0,34.255.37.220:7100,,,,10000.0,,14557655,,False,3000000.0,0.00%,120,120
06/07/2022,InfStones,hx77b13a82be3a1bd2a71dd389bdfa624a59e8ff2b,hx77b13a82be3a1bd2a71dd389bdfa624a59e8ff2b,,,,,USA,Inactive,,,,0.0,San Francisco,0x0,,,0.0,0.0,contact@infinitystones.io,0x0,,,6.36,,https://infstones.io,0x2,,,35589.251991879006,0.0,https://infstones.io/ICONPrep.json,7647934,,,6.36,0.0,3.23.90.251:9000,,,,49999.99999999999,,7647934,,False,3000000.0,0.00%,121,121
06/07/2022,Orangebloc,hx55d5b995fca77274cab59c850803f9ec3e00421f,hx55d5b995fca77274cab59c850803f9ec3e00421f,,,USA,,USA,Inactive,,,Oregon,0.0,Oregon,0x0,,cloud,0.0,0.0,orangebloc@protonmail.com,0x0,,,0.0,,https://google.com,0x2,,,34998.01369843896,0.0,https://orangebloc-prep.s3-us-west-2.amazonaws.com/details.json,16842018,,,0.0,0.0,54.203.40.175:7100,,,,49999.99999999999,,16842018,54.203.40.175:9000,False,3000000.0,0.00%,122,122
06/07/2022,iconic innovation,hx2f8b9e265975bd6d99c6ea45219105174e8674d8,hx2f8b9e265975bd6d99c6ea45219105174e8674d8,,,,,NLD,Inactive,,,,0.0,Heerlen,0x0,,,0.0,0.0,iconblockchain@gmail.com,0x0,,,0.0,,https://iconblockchain.eu,0x2,,,34168.03186171962,0.0,http://88.99.165.21/details.json,10209410,,,0.0,0.0,88.99.165.21:7100,,,,49999.99999999999,,10209410,,False,3000000.0,0.00%,123,123
06/07/2022,Cardinal,hxc7a057d0cbb75606352ec8cc698267b7247cc100,hxc7a057d0cbb75606352ec8cc698267b7247cc100,,,USA,,USA,Inactive,,,Virginia,0.0,Virginia,0x0,,cloud,0.0,0.0,cardina1@tutanota.com,0x0,,,0.0,,https://google.com,0x2,,,29901.60911193449,0.0,https://cardinal-prep.s3.amazonaws.com/details.json,16878890,,,0.0,0.0,52.44.216.243:7100,,,,49999.99999999999,,16878890,52.44.216.243:9000,False,3000000.0,0.00%,124,124
06/07/2022,ICONSG,hxe36c036b294cd8a7dc511d7f58c541cdc93704bb,hxe36c036b294cd8a7dc511d7f58c541cdc93704bb,,,,,SGP,Inactive,,,,0.0,Singapore,0x0,,,0.0,0.0,iconsg10@gmail.com,0x0,,,0.0,,https://insight-icon.net,0x2,,,29877.176765266817,0.0,http://prep-registration-grown-chamois.s3-website-ap-southeast-1.amazonaws.com/details.json,16404299,,,0.0,0.0,3.0.140.226:7100,,,,42987.131245067554,,16404299,,False,3000000.0,0.00%,125,125
06/07/2022,Catalyst,hxa224bb59e9ba930f3919b57feef7656f1139d24b,hxa224bb59e9ba930f3919b57feef7656f1139d24b,,,,,USA,Inactive,,,,6593011.0,Puerto Rico,0x0,,,0.0,6587595.0,node@catalystnode.com,0x0,,,0.0,,https://www.catalystnode.com,0x2,,,26381.0870777628,0.0,https://www.catalystnode.com/icon/details.json,10398912,,,0.0,0.0,3.233.34.53:7100,,,,14000.0,,10398912,,False,3000000.0,0.00%,126,126
06/07/2022,Xangle,hxbb5355790905d790dff2aa04de5ff786a5211958,hxbb5355790905d790dff2aa04de5ff786a5211958,,,,,SGP,Inactive,,,,0.0,Singapore,0x0,,,0.0,0.0,info@crossangle.io,0x0,,,0.0,,https://xangle.io,0x2,,,23291.4777141057,0.0,https://s3.ap-northeast-2.amazonaws.com/upload.xangle.io/images/json/icon.json,7601775,,,0.0,0.0,54.180.142.43:7200,,,,49999.99999999999,,7601775,,False,3000000.0,0.00%,127,127
06/07/2022,Hourglass,hx352a4b557e9035f89b237fe85d6bb92f517fdbd7,hx352a4b557e9035f89b237fe85d6bb92f517fdbd7,,,SGP,,SGP,Inactive,,,Singapore,0.0,Singapore,0x0,,cloud,0.0,0.0,hourglass@mailfence.com,0x0,,,0.0,,https://google.com,0x2,,,23253.35681844778,0.0,https://hourglass-prep.s3-ap-southeast-1.amazonaws.com/details.json,16960502,,,0.0,0.0,54.169.49.247:7100,,,,49999.99999999999,,16960502,54.169.49.247:9000,False,3000000.0,0.00%,128,128
06/07/2022,Yudus Lab,hx958eb3e5e9e41e53d000f684af78fd7384f2fe12,hx958eb3e5e9e41e53d000f684af78fd7384f2fe12,,,Vietnam,,SGP,Inactive,https://yudus.dev/icons/icon-256x256.png,https://github.com/yudus-labs,Ho Chi Minh,0.0,SGP,0x0,https://yudus.dev/yudus-lab-short.png,cloud,0.0,0.0,duyyudus@gmail.com,0x0,https://yudus.dev/yudus-lab-short.svg,,0.0,,https://yudus.dev,0x2,,,18911.1073,0.0,https://yudus.dev/info,20270602,https://twitter.com/yudus_labs,https://t.me/yudus_labs,0.0,0.0,149.28.130.174:7100,,,,14341.20321239763,,20270602,149.28.130.174:9000,False,3000000.0,0.00%,129,129
06/07/2022,Midos / EPICX,hxdb0266079cb558e14b41ad7125b729c2c96b2d36,hx417227d3a24a41bffae22df9f344856163d1f6e1,,,BGR,,BGR,Inactive,https://midos-mainnet-aws-us-west-2.s3-us-west-2.amazonaws.com/logo-256.png,,Varna,0.0,Varna,0x0,https://midos-mainnet-aws-us-west-2.s3-us-west-2.amazonaws.com/logo-1024.png,cloud,0.0,0.0,nodelikethis@gmail.com,0x0,https://midos-mainnet-aws-us-west-2.s3-us-west-2.amazonaws.com/logo.svg,,0.0,,https://www.EPICX.gg,0x2,,,18513.851582815583,0.0,https://midos-mainnet-aws-us-west-2.s3-us-west-2.amazonaws.com/details.json,13357005,https://twitter.com/FutureICX_EPICX,https://t.me/EPICX_Midos,0.0,0.0,54.71.216.101:7100,,,,10000.0,,13357005,54.71.216.101:9000,False,3000000.0,0.00%,130,130
06/07/2022,IFnLIFE,hxb58637355ffd78ac0a66bb3be8c038712fc5912b,hxb58637355ffd78ac0a66bb3be8c038712fc5912b,,https://facebook.com/IFnLIFE,KOR,,KOR,Inactive,https://ifnlife.com/json/256.png,,Seoul,0.0,Seoul,0x0,https://ifnlife.com/json/1024.png,on-premise,0.0,0.0,won@ifnlife.io,0x0,https://ifnlife.com/json/logo.svg,,0.0,,https://ifnlife.com,0x2,,,18325.95635150202,0.0,https://ifnlife.com/json/detail.json,15443666,https://twitter.com/ENDINGNOTE2,,0.0,0.0,115.22.197.142:7100,,,,49999.99999999999,,15443666,115.22.197.142:9000,False,3000000.0,0.00%,131,131
06/07/2022,Noris [New Node],hx9d068caab70c41f7ddf3ab3d9bcce8a8dbffa089,hx9d068caab70c41f7ddf3ab3d9bcce8a8dbffa089,,,,,USA,Inactive,,,,41798.0,San Francisco,0x0,,,0.0,41793.0,info@noris.io,0x0,,,0.0,,https://www.noris.io,0x2,,,17475.9493,0.0,https://api.myjson.com/bins/hk3ip.json,10222207,,,0.0,0.0,52.9.133.242:7100,,,,49999.99999999999,,10222207,,False,3000000.0,0.00%,132,132
06/07/2022,GagarinCrypto,hx34f817bad3d0554da6c6642b06056bda32b06396,hx34f817bad3d0554da6c6642b06056bda32b06396,,,,,RUS,Inactive,,,,0.0,Moscow,0x0,,,0.0,0.0,youremail@gmail.com,0x0,,,0.0,,https://insight-icon.net,0x2,,,17348.35404704,0.0,http://prep-registration-renewing-mongrel.s3-website.eu-north-1.amazonaws.com/details.json,18492814,,,0.0,0.0,13.53.33.45:7100,,,,44036.77108595905,,18492814,,False,3000000.0,0.00%,133,133
06/07/2022,Azabu Research,hxf825b64910cdbe57c6f8afb9dd235b10b884eac5,hxf825b64910cdbe57c6f8afb9dd235b10b884eac5,,,Singapore,,JPN,Inactive,https://github.com/azaburesearch/prep/raw/master/azabu_research_256px.png,,Singapore,0.0,Tokyo,0x0,https://github.com/azaburesearch/prep/raw/master/azabu_research_512px.png,cloud,0.0,0.0,azaburesearch@protonmail.com,0x0,,,0.0,,https://azaburesearch.com,0x2,,,17293.17079192706,0.0,https://raw.githubusercontent.com/azaburesearch/prep/master/details.json,10169051,,,0.0,0.0,35.211.116.243:7100,,,,49999.99999999999,,10169051,35.211.116.243:9000,False,3000000.0,0.00%,134,134
06/07/2022,Wiz node,hxa5772c57dd9c67ed09578270847de6fc2bf73b53,hxe77b01e0e5f7e8dbe51d699fe815af27ade3a073,,,,,SWE,Inactive,https://raw.githubusercontent.com/wiznode/node_details/master/wiz_1.png,https://github.com/wiznode,,0.0,Stockholm,0x0,https://raw.githubusercontent.com/wiznode/node_details/master/wiz_1.png,,0.0,0.0,wiznode18@gmail.com,0x0,https://raw.githubusercontent.com/wiznode/node_details/master/wiz_1.png,,0.0,,https://twitter.com/Wiz_node,0x2,,,15069.26269229839,0.0,https://raw.githubusercontent.com/wiznode/node_details/main/prep_details.json,12907624,https://twitter.com/wiznode/,https://t.me/wiznode,0.0,0.0,3.141.66.224:7100,,,,46634.64212912011,,12907624,3.141.66.224:9000,False,3000000.0,0.00%,135,135
06/07/2022,ICX FREEZER,hx468a3871c1e8d7e61581fae29258fcacf13e5150,hx468a3871c1e8d7e61581fae29258fcacf13e5150,,,,,SGP,Inactive,,,,0.0,Singapore,0x0,,,0.0,0.0,support@freezer.foundation,0x0,,,0.0,,https://freezer.foundation,0x2,,,14610.344364201877,0.0,https://freezer.foundation/freezer-details.json,7602366,,,0.0,0.0,3.114.200.159:7100,,,,49999.99999999999,,7602366,,False,3000000.0,0.00%,136,136
06/07/2022,Progression,hx5ac1e54766ae2e3340e0a6579c2ccde8b766cd76,hx5ac1e54766ae2e3340e0a6579c2ccde8b766cd76,,,,,CAN,Inactive,,,,0.0,Sudbury,0x0,,,0.0,0.0,jordz26@gmail.com,0x0,,,0.0,,https://twitter.com/wkwwwwk,0x2,,,14004.024291641073,0.0,https://icon.oaknode.com/p-rep/progression.json,13391618,,,0.0,0.0,35.193.191.249:7100,,,,49999.99999999999,,13391618,,False,3000000.0,0.00%,137,137
06/07/2022,Sicko Node,hxd4f3fc3fbdc475874285abf9459119f8dede31dd,hxd4f3fc3fbdc475874285abf9459119f8dede31dd,,,,,AUS,Inactive,,,,0.0,Sydney,0x0,,,0.0,0.0,sickonode@aussiebb.com.au,0x0,,,0.0,,https://twitter.com/sickonode,0x2,,,13304.0475,0.0,http://meta.icon.oaknode.com/sickonode.icon.oaknode.com,14514381,,,0.0,0.0,35.239.154.121:7100,,,,49999.99999999999,,14514381,,False,3000000.0,0.00%,138,138
06/07/2022,nel node,hxf77557cf000d80e369c9e13c2b7775a30d1f7c6b,hxf77557cf000d80e369c9e13c2b7775a30d1f7c6b,,,,,CHN,Inactive,https://nel-icx.oss-cn-hangzhou.aliyuncs.com/256.png,,,1322.0,Shang Hai,0x0,https://nel-icx.oss-cn-hangzhou.aliyuncs.com/1024.png,,0.0,0.0,1214661466@qq.com,0x0,,,0.0,,https://nel.group,0x2,,,12345.33935903686,0.0,https://nel-icx.oss-cn-hangzhou.aliyuncs.com/details.json,7943567,,,0.0,0.0,icx.nel.group:7100,,,,49999.99999999999,,7943567,,False,3000000.0,0.00%,139,139
06/07/2022,PakChina,hxa30a0e0f59956381a02f8010eab27491026c5c33,hxa30a0e0f59956381a02f8010eab27491026c5c33,,,,,SWE,Inactive,,,,0.0,Stockholm,0x0,,,0.0,0.0,miankhan85@yahoo.com,0x0,,,0.0,,https://zigsolution.com,0x2,,,11040.896570604413,0.0,https://zigsolution.com/pakchina-icon.json,7610031,,,0.0,0.0,95.216.245.221:7100,,,,49999.99999999999,,7610031,,False,3000000.0,0.00%,140,140
06/07/2022,Hermes Greece,hxd17cc393d0b0a59f0a03e4fb4ac1ab196743162f,hxd17cc393d0b0a59f0a03e4fb4ac1ab196743162f,,,FRA,,GRC,Inactive,http://prep-registration-relieved-gazelle.s3-website.us-east-2.amazonaws.com/.,,Strasburg,0.0,Thessaloniki,0x0,http://prep-registration-relieved-gazelle.s3-website.us-east-2.amazonaws.com/.,cloud,0.0,0.0,iconhermes@gmail.com,0x0,http://prep-registration-relieved-gazelle.s3-website.us-east-2.amazonaws.com/.,,0.0,,https://hermesicon.wordpress.com,0x2,,,9554.491015565633,0.0,http://prep-registration-relieved-gazelle.s3-website.us-east-2.amazonaws.com/details.json,15215385,https://twitter.com/HermesIcon,,0.0,0.0,3.20.144.125:7100,,,,12000.0,,15215385,3.20.144.125:9000,False,3000000.0,0.00%,141,141
06/07/2022,Cobo ICON,hx4d345781b9701df7b5e884a3653327fc63ffb69e,hx4d345781b9701df7b5e884a3653327fc63ffb69e,,,,,CHN,Inactive,,,,0.0,Beijing,0x0,,,0.0,0.0,devops@cobo.com,0x0,,,0.0,,https://icon.cobo.com,0x2,,,9378.932122406939,0.0,https://icon.cobo.com/detail.json,8118104,,,0.0,0.0,iconnode.cobo.com:7100,,,,49999.99999999999,,8118104,,False,3000000.0,0.00%,142,142
06/07/2022,HASHRATE PLUS,hx8f0eca05fa5f8e0d3f8f440693b9a718ec31fae8,hx8f0eca05fa5f8e0d3f8f440693b9a718ec31fae8,,,,,CAN,Inactive,,,,0.0,Toronto,0x0,,,503.71580000000006,0.0,icon@hashrateplus.com,0x0,,,0.0,,https://hashrateplus.com,0x2,,,9363.456732030236,0.0,https://hashrateplus.com/icon/json/details.json,8586071,,,503.71580000000006,0.0,node.hashrateplus.com:7100,,,,49999.99999999999,,8586071,,False,3000000.0,0.00%,143,143
06/07/2022,Frontlines Media,hx5ccbcb12e2248acfd420b9adb79ceb8f324107d6,hx5ccbcb12e2248acfd420b9adb79ceb8f324107d6,,,,,USA,Inactive,,,,0.0,San Juan,0x0,,,0.0,0.0,brett@frontlines.io,0x0,,,0.0,,https://www.frontlines.io,0x2,,,8547.418328772985,0.0,http://prep-registration-clever-muskrat.s3-website-us-west-2.amazonaws.com/details.json,13671548,,,0.0,0.0,44.232.97.114:7100,,,,47059.24527154455,,13671548,,False,3000000.0,0.00%,144,144
06/07/2022,DFG Crypto,hx87d5c36add6d96c2c0dcc349223c528a99fb26f6,hx87d5c36add6d96c2c0dcc349223c528a99fb26f6,,,,,CHN,Inactive,,,,1322.0,SHANGHAI,0x0,,,268.0,0.0,Ian.wu@dfgroup.pro,0x0,,,12.1325,,https://www.dfg.group/,0x2,,,7378.212003339775,0.0,http://52.78.229.102/details.json,8212380,,,280.1325,0.0,52.78.229.102:7100,,,,49999.99999999999,,8212380,,False,3000000.0,0.00%,145,145
06/07/2022,StakeBowl,hx5c6713beb2ff74c9b9d64e0216f33a79929ab4b6,hx5c6713beb2ff74c9b9d64e0216f33a79929ab4b6,,,US,,KOR,Inactive,https://stake-bowl.s3.us-west-2.amazonaws.com/icon/stakebowl_logo_256.png,,Oregon,0.0,Seoul,0x0,https://stake-bowl.s3.us-west-2.amazonaws.com/icon/stakebowl_logo_1024.png,Cloud,0.0,0.0,support@stakebowl.io,0x0,https://stake-bowl.s3.us-west-2.amazonaws.com/icon/stakebowl_logo.svg,,0.0,,https://stakebowl.io,0x2,,,6552.0954,0.0,https://stake-bowl.s3.us-west-2.amazonaws.com/icon/details.json,40458185,,,0.0,0.0,13.57.85.115:7100,,,,10000.0,,40458185,44.227.215.60:7100,False,3000000.0,0.00%,146,146
06/07/2022,MW node,hx4109ae2bda803171fac8b75e713b3a3f033e969b,hx4109ae2bda803171fac8b75e713b3a3f033e969b,,,,,CHN,Inactive,,,,0.0,Shanghai,0x0,,,0.0,0.0,1027255144@qq.com,0x0,,,0.0,,https://icon.banana.com,0x2,,,6092.32682504594,0.0,https://icon.banana.com/json/detail.json,8991173,,,0.0,0.0,ctz.solidwallet.io:7100,,,,49999.99999999999,,8991173,,False,3000000.0,0.00%,147,147
06/07/2022,Red Hot ICE ,hx38c8507ed599b3d51a825d6a37e165bc5303daa1,hx38c8507ed599b3d51a825d6a37e165bc5303daa1,,,,,IND,Inactive,,,,1324.0,Mumbai,0x0,,,0.0,0.0,redhotice@protonmail.com,0x3,,,0.0,,https://redhot.com,0x2,,,4831.1652,0.0,https://redhot.com/details.json,43847457,,,0.0,0.0,44.242.148.135:7100,,,,10000.0,,43847457,,False,3000000.0,0.00%,148,148
06/07/2022,Bit Cat,hxb027c59078f71f0d6c06d5becad464d488fd20bb,hxb027c59078f71f0d6c06d5becad464d488fd20bb,,,CHN,,CHN,Inactive,https://www.bitcat365.com/wp-content/uploads/cn/2019/09/05-12533755.png,,Beijing,0.0,Beijing,0x0,https://www.bitcat365.com/wp-content/uploads/cn/2019/07/16-15121076.png,cloud,0.0,0.0,bitcat365.com@gmail.com,0x0,,,0.0,,https://www.bitcat365.com,0x2,,https://keybase.io/bitcat365,4747.130651640242,0.0,https://www.bitcat365.com/icon_prep.json,8046861,https://twitter.com/BitCat365,https://t.me/joinchat/LBbAfRU0nlwushyr9sfJAQ,0.0,0.0,icon.bitcat365.com:7100,,,sanxiacat,49999.99999999999,,8046861,69.30.215.18:9000,False,3000000.0,0.00%,149,149
06/07/2022,Common Computer Online,hx1f6da7d57810e812d030fbbd3144690e481e24fc,hx1f6da7d57810e812d030fbbd3144690e481e24fc,,,,,SGP,Inactive,,,,0.0,SGP,0x0,,,0.0,0.0,contact@comcom.ai,0x0,,,0.0,,https://comcom.ai,0x2,,,3793.428688320348,0.0,https://comcom.ai/detail.json,8686917,,,0.0,0.0,3.1.33.36:7100,,,,49999.99999999999,,8686917,,False,3000000.0,0.00%,150,150
06/07/2022,iccc node,hx5b7cef0d8d9208a53df4cb5ca84ee3a9a530d5b7,hx5b7cef0d8d9208a53df4cb5ca84ee3a9a530d5b7,,,,,CHN,Inactive,,,,0.0,Shanghai,0x0,,,0.0,0.0,youxinfei@gmail.com,0x0,,,0.0,,http://47.100.244.97,0x2,,,3396.2357,0.0,http://47.100.244.97/prep.json,8859076,,,0.0,0.0,47.100.244.97:9000,,,,49999.99999999999,,8859076,,False,3000000.0,0.00%,151,151
06/07/2022,neo_icon,hx03b3f70f1a5acdd9cd5967460a665092c921411a,,,,,,GBR,Inactive,,,,,London,,,,,,xyh421@gmail.com,,,,,,https://yuhuixu.com,,,,,,https://yuhuixu.com,17309358,,,0.0,,23.19.61.36:7100,,,,,,17309358,,False,3000000.0,nan%,152,152
06/07/2022,loop57,hxe0df49d9382805d4dfa24487e8ef31165fe782c0,,,,New York City,,USA,Inactive,https://github.com/loop57/icon-prep-assets/raw/master/loop57-256.png,https://github.com/loop57,USA,,New York City,,https://github.com/loop57/icon-prep-assets/raw/master/loop57-1024.png,cloud,,,loop57@protonmail.com,,,,,,https://loop57.com,,,,,,https://raw.githubusercontent.com/loop57/icon-prep-assets/master/loop57.json,12050640,https://twitter.com/_loop57_,,0.0,,prep.loop57.com:7100,,,,,,12050640,prep.loop57.com:9000,False,3000000.0,nan%,153,153
06/07/2022,binance node,hxf5a52d659df00ef0517921647516daaf7502a728,hxf0bc67e700af57efc0a9140948c5678c50669f36,,,,,CYM,,,,,,George Town,,,,,,poolvip@binance.com,,,,,,https://binance.com,,,,,,https://binance.com/json,30349664,,,,,170.106.8.247:7100,,,,,,30349664,,False,3000000.0,nan%,154,154
06/07/2022,Wetez,hxf49551380a26055a26f4dffd3aa837e66877571b,,,,,,CHN,Inactive,,,,,Bei Jing,,,,,,kamiesheep@gmail.com,,,,,,https://www.wetez.io,,,,,,https://www.wetez.io/json,7637249,,,0.0,,13.228.38.77:7100,,,,,,7637249,,False,3000000.0,nan%,155,155
06/07/2022,The Iconist,hxab1b04e7975ed14074bbbd530333e815c4f36340,,,,,,KOR,Inactive,,,,,Seoul,,,,,,hello@theicon.ist,,,,,,https://theicon.ist,,,,,,https://icxstation.com/json/prepdetails.json,17512619,,,0.0,,3.14.196.215:7100,,,,,,17512619,,False,3000000.0,nan%,156,156
06/07/2022,ParaState,hx49aff6baa1d2a69730d935068ce8f64eb8d508ef,hx1caeafee057c59d226bcb9fdb31e82b9bea92149,,,,,SGP,,,,,,Singapore,,,,,,contact@parastate.io,,,,,,https://www.parastate.io,,,,,,https://www.parastate.io,36364133,,,,,13.208.229.122:7100,,,,,,36364133,,False,3000000.0,nan%,157,157
06/07/2022,Noris,hx42805d6c22012d5bd56cdab423da9fde5850622f,,,,,,USA,Inactive,,,,,San Francisco,,,,,,info@noris.io,,,,,,https://noris.io,,,,,,https://noris.io/json,7607720,,,0.0,,noris.io:7100,,,,,,7607720,,False,3000000.0,nan%,158,158
06/07/2022,IconHero,hxa0d49a837bea86b737350577762d7af85a25c31d,hxa0d49a837bea86b737350577762d7af85a25c31d,,,,,USA,,,,,,NYC,0x0,,,,,nomail@iconhero.com,0x0,,,,,https://nowebsite.iconhero.com,0x2,,,,,https://nowebsite.iconhero.com/details.json,51766330,,,,,54.174.25.136:7100,,,,,,51766330,,False,3000000.0,nan%,159,159
06/07/2022,Gilga Capital,hx5796d7fb3442759bee4aaeaa4e6618a034f630b1,,,,,,CAN,Inactive,,,,,Toronto,,,,,,rodney@gilga.io,,,,,,https://gilga.io,,,,,,https://gilga.io/json,7671935,,,0.0,,node.gilga.io:7100,,,,,,7671935,,False,3000000.0,nan%,160,160
06/07/2022,Cypher Core,hx364b02bc9ec8a8823e44330874539b419e0bc889,,,,,,USA,Inactive,,,,,Mountain View,,,,,,admin@cyphercore.io,,,,,,http://cyphercore.io,,,,,,http://cyphercore.io,7604480,,,0.0,,144.202.97.215:7100,,,,,,7604480,,False,3000000.0,nan%,161,161
06/07/2022,Common Computer,hx9abc22e349dbd659f7c36ad443b1553220bb649e,,,,,,KOR,Inactive,,,,,KOR,,,,,,contact@comcom.ai,,,,,,https://comcom.ai,,,,,,https://comcom.ai,10154107,,,0.0,,3.1.33.36:7100,,,,,,10154107,,False,3000000.0,nan%,162,162
06/07/2022,Blockheads Development,hx0315df35eef97e1e73f1a72b1e78ff7f28ba3176,,,,,,USA,Inactive,,,,,Fresno,,,,,,Jennifer@marketingiq.club,,,,,,https://weareblockheads.tech,,,,,,https://weareblockheads.tech/json,7605226,,,0.0,,node.weareblockheads.tech:7100,,,,,,7605226,,False,3000000.0,nan%,163,163
