to,Regular Tx,Fees burned,to_def,Internal Tx,Internal Event (excluding Tx),group
System,43084,0.0,System,0,86777,System
cx299d88908ab371d586c8dfe0ed42899a899e6e5b,6108,47.398043249999944,"ICONbet
 Levels",23252,6141,ICONbet
cx0000000000000000000000000000000000000000,4139,39.32283249999717,governance,1719,0,governance
cx9e3cadcc1a4be3323ea23371b84575abb32703ae,3228,6.165479999999702,MyID_1,0,3248,MyID
cx334beb9a6cde3bf1df045869447488e0de31df4c,1935,6.310885249999864,circle_arb_1,384,96,circle_arb
cxb0b6f777fba13d62961ad8ce11be7ef6c4b2bcc6,1710,11.096838500000002,"ICONbet
 DAOdice(new)",7748,5190,ICONbet
cx2ccc0c98ab5c2709cfc2c1512345baa99ea4106a,1448,5.486472000000024,Relay_2,0,0,Relay
hx037c73025819e490e9a01a7e954f9b46d89b0245,1435,2.291125000000004,MyID_related,0,0,MyID
cx087b4164a87fdfb7b714f3bafe9dfb050fd6b132,1405,18.685274250000006,Relay_1,0,9119,Relay
cx10d59e8103ab44635190bd4139dbfd682fa2d07e,1364,3.208275500000002,balanced_rewards,2314,124,Balanced
cx5d6e1482434085f30660efe30573304d629270e5,1134,7.480858999999997,"ICONbet
 Baccarat",4556,4171,ICONbet
cxf61cd5a45dc9f91c15aa65831a30a90d59a09619,1111,5.195894999999985,balanced_baln,2329,449,Balanced
cx694e8c9f1a05c8c3719f30d46b97697960e4289e,1049,9.461400999999857,MyID_2,1057,0,MyID
cx369a5f4ce4f4648dfc96ba0c8229be0693b4eca2,829,1.6693139999999813,Metanyx,917,0,Metanyx
cx2609b924e33ef00b648a409245c7ea394c467824,693,6.741897249999994,balanced_sicx,2350,419,Balanced
cx38fd2687b202caf4bd1bda55223578f39dbb6561,661,3.473576249999986,"ICONbet
 Mini Roulette(new)",1872,1322,ICONbet
cx6cdbc291c73faf79366d35b1491b89217fdc6638,622,4.506641999999999,"ICONbet
 War",1816,2052,ICONbet
cx203d9cd2a669be67177e997b8948ce2c35caffae,561,14.542885999999994,balanced_dividends,3958,0,Balanced
cxa0af3165c08318e988cb30993b3048335b94af6c,513,1.8957365000000022,balanced_dex,1451,0,Balanced
cx88fd7df7ddff82f7cc735c871dc519838cb235bb,489,2.9514587500000005,balanced_bnUSD,1530,275,Balanced
hx11de4e28be4845de3ea392fd8d758655bf766ca7,481,0.6012499999999927,3-min_tx_bot_in,0,0,3-min_tx_bot_in
cx943cf4a4e4e281d82b15ae0564bbdcbf8114b3ec,461,0.9133469999999985,NebulaSpaceshipToken,398,0,Nebula
cx66d4d90f5f113eba575bf793570135f9b10cece1,396,32.115719000000034,balanced_loans,1920,390,Balanced
cx57d7acf8b5114b787ecdd99ca460c2272e4d9135,263,0.5167907500000001,NebulaPlanetToken,335,0,Nebula
cxaf244cf3c7164fe6f996f398a9d99c4d4a85cf15,178,1.4424699999999988,balanced_airdrip,350,0,Balanced
hxc4193cda4a75526bf50896ec242d6713bb6b02a3,122,0.1525000000000001,binance_hot,0,0,binance
cxd47f7d943ad76a0403210501dab03d4daf1f6864,94,0.6004577500000001,"ICONbet
 Blackjack",120,238,ICONbet
cx43e2eec79eb76293c298f2b17aec06097be606e0,83,0.49858975000000016,balanced_staking,262,0,Balanced
cx4bfc45b11cf276bb58b3669076d99bc6b3e4e3b8,62,0.13183275,NebulaTokenClaiming,62,0,Nebula
cx26b5b9990e78c6afe4f9d30776a43b1c19f7d85a,60,0.39522450000000015,"ICONbet
 Sic Bo",156,200,ICONbet
hx562dc1e2c7897432c298115bc7fbcc3b9d5df294,50,0.06250000000000003,upbit_cold,0,0,upbit
cxcb0607db5ac8f931024542e567023ade38c5fbe7,49,0.13240000000000007,BazaarToken,128,9,BazaarToken
cxba62bb61baf8dd8b6a04633fe33806547785a00c,46,1.3883120000000007,MyID_3,46,0,MyID
cx9df59cf2c7dc7ae2dbdec4a10b295212595f2378,44,0.24118150000000016,circle_arb_2,60,15,circle_arb
cx14002628a4599380f391f708843044bc93dce27d,43,4.921986999999999,iAM Div,7809,7814,iAM 
hx68646780e14ee9097085f7280ab137c3633b4b5f,36,0.04500000000000002,kraken_hot,0,0,kraken
cx426ecb585ad976efd1caf41cff89eb7c45acd135,27,0.49814274999999997,Challenge,29,21,Challenge
cxcc711062b732ed14954008da8a5b5193b4d48618,24,0.04134000000000002,peek_1,0,0,peek
hx746be10ee9fb00c1b51e9e25dd91106ded07bbdb,24,0.03000000000000001,unknown_hx,0,0,unknown_hx
cxa89982990826b66d86ef31275e93275dfddabfde,23,0.03961750000000002,peek_2,0,0,peek
cx334db6519871cb2bfd154cec0905ced4ea142de1,23,0.065551,unknown_cx,0,0,unknown_cx
hxfcd94d14f47b8fea18baabbb07baaa6f9a1320b6,21,0.026250000000000006,unknown_hx,0,0,unknown_hx
hx294c5d0699615fc8d92abfe464a2601612d11bf7,19,0.023750000000000004,funnel_1,0,0,funnel_1
cxc0b5b52c9f8b4251a47e91dda3bd61e5512cd782,19,0.0836155,TapToken,122,0,ICONbet
hx35b42b08193af9f2736da2431709523e64a57688,18,0.022500000000000003,unknown_hx,0,0,unknown_hx
cx502c47463314f01e84b1b203c315180501eb2481,18,0.03534849999999999,ACT,14,0,ACT
hx133323c2e990994816b548a9e7eb080a5eac8031,16,0.02,unknown_hx,0,0,unknown_hx
hxdeab3630aa90adeb75fe625d0cfa55990d471450,16,0.02,unknown_hx,0,0,unknown_hx
hxc258afe617ba91fa35572cea327c656b8d5faf45,16,0.02,unknown_hx,0,0,unknown_hx
hxa390d24fdcba68515b492ffc553192802706a121,13,0.016249999999999997,bitvavo_hot,0,0,bitvavo
cx4d19dabd6d8990c777ec448b04595238e01f1793,12,0.228892,CryptoDuel,7,6,CryptoDuel
hx27355179a0a3ed4f19dfb9b1ca0618111af8cc02,12,0.014999999999999998,unknown_hx,0,0,unknown_hx
hxd9fb974459fe46eb9d5a7c438f17ae6e75c0f2d1,11,0.013749999999999998,huobi,0,0,huobi
hx5ee6f9a5ab011302f5598fc22e69fdf0b79ffaf7,11,0.013749999999999998,unknown_hx,0,0,unknown_hx
hx3881f2ba4e3265a11cf61dd68a571083c7c7e6a5,11,0.013749999999999998,coinex,0,0,coinex
hx0cdf40498ef03e6a48329836c604aa4cea48c454,10,0.012499999999999999,bithumb_2,0,0,bithumb
hxa1d24933bebdcd713c827c1328a15c723e510d08,10,0.012499999999999999,unknown_hx,0,0,unknown_hx
cx03c76787861eec166b25e744e52a82af963670eb,9,0.0766705,"ICONbet
 Plinko",102,18,ICONbet
cxcaef4255ec5cb784594655fa5ff62ce09a4f8dfa,9,0.047657250000000005,peek_3,9,0,peek
hxfc110f2096e5200c0296dd2f5efccfd6f7fbfd30,9,0.01125,unknown_hx,0,0,unknown_hx
hx9578470ce076600e71f6696db902cc5a58a5aaee,9,0.01125,unknown_hx,0,0,unknown_hx
hx1a727577686a20eeeb67251b330e026e5597dbf5,9,0.01125,unknown_hx,0,0,unknown_hx
hxd18f629ee7bb965cce23b08644e1e2da65a40daf,8,0.01,unknown_hx,0,0,unknown_hx
hx7aa2c9f97cc0d29476cdb45793e75749fcb555c1,8,0.01,unknown_hx,0,0,unknown_hx
hx2a06af7d12564d94ebe9fd2bfc0e87ffdeaf7c1a,8,0.01,unknown_hx,0,0,unknown_hx
cx0c1840514299d1be79543930b9d09d16aaeb9a69,7,0.01844725,SEED,17,0,SEED
hxb7c3431fa324cecb9a909b57dc273b0d010a7353,7,0.00875,unknown_hx,0,0,unknown_hx
cx9c4698411c6d9a780f605685153431dcda04609f,7,0.1059215,Auction,28,0,Craft
hx41be86603bd0184d73850c7373b0661dd6b97bad,6,0.007500000000000001,unknown_hx,0,0,unknown_hx
hx9e4a87a07b7ddbc3292de4d2940cf71aff9a6018,6,0.007500000000000001,unknown_hx,0,0,unknown_hx
hxa580701e51d869ec2ba0692ce283a4bfa947b180,6,0.007500000000000001,unknown_hx,0,0,unknown_hx
cx2e138bde7e4cb3706c7ac3c881fbd165dce49828,6,0.013289249999999999,SEED_2,4,4,SEED
cx0cf826b9756e5a69f1f83a7717a2f2d815694031,6,0.033607750000000006,uTAP,57,0,UP
cxe7c05b43b3832c04735e7f109409ebcb9c19e664,6,0.01142425,IAM Token,4,0,iAM 
cx0000000000000000000000000000000000000001,5,0.011301499999999999,gov_voting,0,5,gov_voting
hx18d14ad97ab2903dfc246ccc4e5631a3a1e13141,5,0.00625,unknown_hx,0,0,unknown_hx
hx3babc776977e217427137d19ab08e4bcb21c5da9,5,0.00625,unknown_hx,0,0,unknown_hx
cx82c8c091b41413423579445032281bca5ac14fc0,5,0.03256325,Craft,5,2,Craft
cx9ee7fbe8c98ca688ec4eb30e392463c1a82d10be,5,0.011275,ICX IOU Token,8,0,ICX IOU Token
hx526a926c770d0ff1ee126337b06eacfb5343a223,4,0.005,unknown_hx,0,0,unknown_hx
hx7f8b51c9a4fab1c49c4b069ea356b2604d6fd774,4,0.005,unknown_hx,0,0,unknown_hx
hx5681cdb3619a1d2041e657af90239f77a055e8fa,4,0.005,unknown_hx,0,0,unknown_hx
hx9705e0fab1494768a509fde6bd592fdf29a1e9dd,4,0.005,unknown_hx,0,0,unknown_hx
hx9b05976767dee09e2a474aae7c93fe78849113da,4,0.005,unknown_hx,0,0,unknown_hx
hx9ea074b133141e93d39b3fc542a1b8d33c5b1d1f,4,0.005,unknown_hx,0,0,unknown_hx
hxaec714e15e5d0bffce6dd673680736192d9d1472,4,0.005,unknown_hx,0,0,unknown_hx
hx396f144e76834cac886c2265e761304283296db9,4,0.005,unknown_hx,0,0,unknown_hx
hxf8456c4e74b77971f2705f2179c90331d146f76a,4,0.005,unknown_hx,0,0,unknown_hx
hx6e7e6eab2c89e13d5932af0833702ce47d1834b4,4,0.005,unknown_hx,0,0,unknown_hx
cx66f2ed0663d5aa7efe92ab41b1e0e19ac73007a4,4,0.008800500000000001,LambdaX,12,0,LambdaX
hx8a50805989ceddee4341016722290f13e471281e,4,0.005,"binance
sweeper_01",0,0,binance
cx1c06cf597921e343dfca2883f699265fbec4d578,4,0.02370025,"ICONbet
 Lottery(new)",12,9,ICONbet
hx01a78bfb9f02c979dc0acb9cf198bb57ecc85a33,4,0.005,unknown_hx,0,0,unknown_hx
hxa6e40f39c8bdd916a49d838db3e7fc4db1319290,3,0.00375,unknown_hx,0,0,unknown_hx
hxcc1614407932e3ff735530c7799f8cb9fb537b44,3,0.00375,unknown_hx,0,0,unknown_hx
hxaf13039f69be08c63f3a0393feae435a8ecdddc5,3,0.00375,unknown_hx,0,0,unknown_hx
hxa2043fcf9fd990a11bf704837eda057e51d0f374,3,0.00375,unknown_hx,0,0,unknown_hx
hxd349edd5287ecbe5331fe6b8e77aa0cbb19df0d2,3,0.00375,unknown_hx,0,0,unknown_hx
hx56cfad75a6ecdb93a2aff655ea3ab6b0e5e87c7b,3,0.00375,unknown_hx,0,0,unknown_hx
hx013617cf9d9d39d71a21edd1c08bf9645fb13b5e,3,0.00375,unknown_hx,0,0,unknown_hx
hx303c6583114c3616f969606145fa19a95bdf26eb,3,0.00375,unknown_hx,0,0,unknown_hx
hxb73fea80ca80be1b2e9d60cadbfd4486aae383fe,3,0.00375,unknown_hx,0,0,unknown_hx
hxef4991405603cc938452f20fdaa38b0305f8e76d,3,0.00375,unknown_hx,0,0,unknown_hx
hx10b868102cb0ee46b07e7ff835ebb92a9c7320b5,3,0.00375,unknown_hx,0,0,unknown_hx
cx32b06547643fead9048ea912ba4c03419ee97052,3,0.007386,FutureICX,0,0,EPX
hx68f8157be3cd260a1bbabcb32097996fa3506820,3,0.00375,unknown_hx,0,0,unknown_hx
hxe74fe534fd488eb18732273f3c65656c5b5856f6,3,0.00375,unknown_hx,0,0,unknown_hx
hx434ce8b0354396b6d645f2e287dc7c6d7f036ede,3,0.00375,unknown_hx,0,0,unknown_hx
cxefcfbcf6553507a86b841b1da56c552f5d471eeb,3,0.012955749999999999,uSEED,16,0,UP
hx44e86c6d99cd4b15ef4ad8d8d727c07950d8e37c,3,0.00375,unknown_hx,0,0,unknown_hx
hx51bad3de37fb6b9d11479556771dbfbe0342b899,3,0.0039299999999999995,unknown_hx,0,0,unknown_hx
hxf99f37dc78782040850b76d78513f894ebc322aa,3,0.00375,unknown_hx,0,0,unknown_hx
hx26c940591bb0b7392f54eaaef12f96a2a0ddb56f,3,0.00375,unknown_hx,0,0,unknown_hx
hx80fee067297f27f9939dcc258c001c53de185337,3,0.00375,unknown_hx,0,0,unknown_hx
hx421f624fd856517b4478b169c8849d087110ce93,3,0.00375,unknown_hx,0,0,unknown_hx
hx0817b72a02173b4cdb6132a667965d04c2a59a75,3,0.00375,unknown_hx,0,0,unknown_hx
hxb1e18316f3754dfb338498e50051a8b22aa42246,3,0.00375,unknown_hx,0,0,unknown_hx
cx01c2bd1af07af8d91ff06c563f71dce1c521f747,3,2.11617975,PiconbelloGovernanceToken,1858,0,PiconbelloGovernanceToken
hx098187c73cdfa2d5d249a818d25ebb3467f5d03b,3,0.00375,unknown_hx,0,0,unknown_hx
hxddb4aac6b35068358644a51261389c1e1e16e491,3,0.00375,unknown_hx,0,0,unknown_hx
hx9f3f5b8dc13f8d873d596f63bba6f83a8540692d,3,0.00375,unknown_hx,0,0,unknown_hx
hx0a1bd616878d9b78db579c7c878595b8342f25b6,3,0.00375,unknown_hx,0,0,unknown_hx
hx2a739ab30bb379d11037837d573d47fee60c9f32,3,0.00375,unknown_hx,0,0,unknown_hx
hxdccc15fb9302583a7c3dedeed1e0ab63d4130a90,3,0.00375,unknown_hx,0,0,unknown_hx
hx35a5e8565b07923caef79e99c8656bfd299fb8d5,3,0.00375,unknown_hx,0,0,unknown_hx
hxb0da02e8f8809f10a178f5fe95c3aa8746bfdfca,3,0.00375,unknown_hx,0,0,unknown_hx
hxeab41692b563c30d2be789a44cc406ebc5040eff,3,0.00375,unknown_hx,0,0,unknown_hx
hx017dc11ae5acf90fcc55a65231deab9c1bdaf8ac,2,0.0025,unknown_hx,0,0,unknown_hx
hx86b90c574d73422a3e274b153f8a7946ea81da46,2,0.0025,unknown_hx,0,0,unknown_hx
hx3dd2d7c013ff2c3de41b82e6c99bc36a24da57f0,2,0.0025,unknown_hx,0,0,unknown_hx
hx67ffca81f209fbd11c0a3d40967d1a8a17303f9a,2,0.0025,unknown_hx,0,0,unknown_hx
hx9b42f863d0ab811016a8c54d5f623439e5c3021c,2,0.0025,unknown_hx,0,0,unknown_hx
hx596d38661f87657e6d25fee67fcf0991854be98a,2,0.0025,unknown_hx,0,0,unknown_hx
hxa6bb62f00d5c0efbeacc5cc126e10d22440b5168,2,0.0025,unknown_hx,0,0,unknown_hx
hx25e29ec6bfda38a47d1ae23311ccf0389f6769a7,2,0.0025,unknown_hx,0,0,unknown_hx
hx25bd1ae2058f64326e9eb6d9569ea076b95e50be,2,0.0025,unknown_hx,0,0,unknown_hx
hx3f6b72c44121502e2d8c3e5f085c1eaa796ba05f,2,0.0025,unknown_hx,0,0,unknown_hx
hx0212f3d0b4390adc70524913c0930387109bd6dc,2,0.0025,unknown_hx,0,0,unknown_hx
hx3fd243993b53e01de43053ecc78112c2d55af101,2,0.0025,unknown_hx,0,0,unknown_hx
hx58b2592941f61f97c7a8bed9f84c543f12099239,2,0.0025,"binance
sweeper_02",0,0,binance
hx99e0b715e2ba36db54986c31757ecab7dfe8cfd8,2,0.0025,unknown_hx,0,0,unknown_hx
hx996969c437f4333f02ed01dce5ab9ffd04c30dd9,2,0.0025,unknown_hx,0,0,unknown_hx
hxde4a9bfb9cea0937bb0e0fbf37e3f35818b9f453,2,0.0025,unknown_hx,0,0,unknown_hx
hx57ffc23cfa663d1fee5e901ef919b0d91b7d4b2f,2,0.0025,unknown_hx,0,0,unknown_hx
hx28f56d34a5b6d075fb5b4cef7ec641db99770ee7,2,0.0025,unknown_hx,0,0,unknown_hx
hx2d83db0232a8c6d9dfbf1df9082534cd5456c986,2,0.0025,unknown_hx,0,0,unknown_hx
hxc44433e76f388157aefa885688cdab78fae198a5,2,0.0025,unknown_hx,0,0,unknown_hx
hxa62352b53e7ac31eb1ad7e8eaa8d69253db52299,2,0.0025,unknown_hx,0,0,unknown_hx
hxc8d6855726d8cbec33eff86f0c18d6221bf54985,2,0.0025,unknown_hx,0,0,unknown_hx
hxc96e7466d2eda8064a0446a14782a615db8ce144,2,0.0025,unknown_hx,0,0,unknown_hx
hx378ac0237e7bd5028c060b2c34d37a6bcedd95e7,2,0.0025,unknown_hx,0,0,unknown_hx
hx387f3016ee2e5fb95f2feb5ba36b0578d5a4b8cf,2,0.0025,"binance
sweeper_21",0,0,binance
hx35fcad6d2953d52627053f7992f86b538d0c4827,2,0.0025,unknown_hx,0,0,unknown_hx
cxbb2871f468a3008f80b08fdde5b8b951583acf06,2,0.0043844999999999995,Stably_USD,6,0,Stably_USD
cxc6bb033f9d0b2d921887040b0674e7ceec1b769c,2,0.004369,Lossless Lottery,2,0,Lossless Lottery
hx388203f5d3196d8be0ab36c713bad9d1406e31ed,2,0.0025,unknown_hx,0,0,unknown_hx
hxcae67473091e981cad7ddcd07df5b8be1c8864d0,2,0.0025,unknown_hx,0,0,unknown_hx
hxc8377a960d4eb484a3b8a733012995583dda0813,2,0.0025,unknown_hx,0,0,unknown_hx
hxcbd809c9e0d123cccee7e8587afbce8aaf87fd24,2,0.0025,unknown_hx,0,0,unknown_hx
hx3988a8773604584462164dcde86fae824dc2ca03,2,0.0025,unknown_hx,0,0,unknown_hx
hx33b236ff461f1a916713f9c8e09ce61784ce5539,2,0.0025,unknown_hx,0,0,unknown_hx
hx609208d4616ee0d35efb9974949d2da30883c16e,2,0.0025,unknown_hx,0,0,unknown_hx
hx3afa9fe56f270b5257bd32c8038e3e1fa52707f3,2,0.0025,unknown_hx,0,0,unknown_hx
hx309e2e6437955da82cb1a91cbf6c216e1600028f,2,0.0025,unknown_hx,0,0,unknown_hx
hx6105a661af4a0c733c2d1949400058664fe6b2b7,2,0.0025,unknown_hx,0,0,unknown_hx
hx6112c30824cc61b7752418dcd84f3f9e2d9503f3,2,0.0025,unknown_hx,0,0,unknown_hx
hxd00de55bc0e20c3fc6c13ce9a9673dd441c21f9e,2,0.0025,unknown_hx,0,0,unknown_hx
hx3b4f66c243f9039bd3d1b90a7c24a7f0b6a14360,2,0.0025,unknown_hx,0,0,unknown_hx
hxd0e9bbf0b2e0f72a772a383fe6daa2a7f57e07e9,2,0.0025,unknown_hx,0,0,unknown_hx
hxa07b155dd8318ef970ccaba00e7ba3468ab08ac3,2,0.0025,unknown_hx,0,0,unknown_hx
hx9ee1b70795006703b65be8a9fdc1f55c9ffb3310,2,0.0025,unknown_hx,0,0,unknown_hx
cx56feb4657f54d7576cdecb1770ebb03f9ce0fa0a,2,0.00662,EpICX Token (EPX),0,0,EPX
cxfb832c213401d824b9725b5cca8d75b734fd830b,2,0.0062475000000000004,rev_share,16,0,rev_share
hx3ca8eecf91fa7a3570367c731fe8f5bcc5a89837,2,0.0025,unknown_hx,0,0,unknown_hx
hx9dbaaf6630d29055b4dc90dbbdfd1db9aac1669a,2,0.0025,unknown_hx,0,0,unknown_hx
hx666fee47daacc50d91a40ac795a383c5d345e8b2,2,0.0025,unknown_hx,0,0,unknown_hx
hxd48ab6a11220369368e8847fee7be4625f304b19,2,0.0025,unknown_hx,0,0,unknown_hx
hx6ce66989b561857921b3c13e2a92f3656441eafa,2,0.0025,unknown_hx,0,0,unknown_hx
hx8b3a0f17d489c0428555001dfa7fa0803caf9427,2,0.0025,unknown_hx,0,0,unknown_hx
hx5bf2ff2fa35d61365405c47cee4f2b62fff5218e,2,0.0025,unknown_hx,0,0,unknown_hx
hx7577ebbc92b28795758bf8c8264c6f5bb2c162c2,2,0.0025,unknown_hx,0,0,unknown_hx
hx4f522ec3a2049187c00a47c0e53c62b4a5a8cc22,2,0.0025,unknown_hx,0,0,unknown_hx
hx8dd1221d911885d824e87e6a4678d3e06c2bfba2,2,0.0025,unknown_hx,0,0,unknown_hx
hx79e450422047dcfd81038948295a2a0d0eb68c33,2,0.0025,unknown_hx,0,0,unknown_hx
hx797f894ec73f75210528ef991881ee0bfbce9231,2,0.0025,unknown_hx,0,0,unknown_hx
hx55c0afa89598f6437a05d17bfa6316cf11a5b419,2,0.0025,unknown_hx,0,0,unknown_hx
hx15a4ab1d2c1fe768b0ca7682a298529073f20c43,2,0.0025,unknown_hx,0,0,unknown_hx
hxaf45b070441ead958559cac55bbe9b44123754b5,2,0.0025,unknown_hx,0,0,unknown_hx
hx8b06f6efa0d6423e8024005b1b702bffad3aaac2,2,0.0025,unknown_hx,0,0,unknown_hx
hx7778829b1222c6a91a5c72278e5fe18eb0cf537c,2,0.0025,unknown_hx,0,0,unknown_hx
hx150af8a59375f3ce875b44275eb8049eb5b3de9e,2,0.0025,unknown_hx,0,0,unknown_hx
hx49dbb481fb4cacf5354dc27f6841e35b377f192a,2,0.0025,unknown_hx,0,0,unknown_hx
hx552f0fbe96882e92e74ad0341ed53be7b2f297ed,2,0.0025,unknown_hx,0,0,unknown_hx
hx9351830d0343049587519453aa6b99f57beaaa37,2,0.0025,unknown_hx,0,0,unknown_hx
hxee315cbe3a838b10f67c15e8688a65b48b9512b9,2,0.0025,unknown_hx,0,0,unknown_hx
hx931cb4c38aaa8cad3ba5c6c6f5c9665e8655dfb1,2,0.0025,unknown_hx,0,0,unknown_hx
hx145265d4b263ba0ef89879db6d0a63c78ec7d492,2,0.0025,unknown_hx,0,0,unknown_hx
hx8f23c8d25019138316ffb22db1945ca86e1ee1e2,2,0.0025,unknown_hx,0,0,unknown_hx
hx5791e0052084795384f14332dfdc6756dac5f2d0,2,0.0025,unknown_hx,0,0,unknown_hx
cx08eb683a53d6f244d538a45f0cc584825e2cb985,2,0.0039664999999999995,SportsToken,2,0,SportsToken
hx0f13f8c4ab8933cf0f45069218d1b5fa44b55830,2,0.0025,unknown_hx,0,0,unknown_hx
hx136e3e343463294b03d1e33bbb3c2563b851f084,2,0.0025,unknown_hx,0,0,unknown_hx
hxe9a773577cdfbbcda849aff0f7ff4c5da914f24b,2,0.0025,unknown_hx,0,0,unknown_hx
hx475eea3921a868c5d108599f4c77d06a5ab21eae,2,0.0025,unknown_hx,0,0,unknown_hx
hxbfcb876092de8d433e5fec01b199c1468f6c8983,2,0.0025,unknown_hx,0,0,unknown_hx
hx191342b910347261611f29b7066a1eee121eff4b,2,0.0025,unknown_hx,0,0,unknown_hx
hxb226e5732524be105b584d92d385b47a9d5ebac6,2,0.0025,unknown_hx,0,0,unknown_hx
hx8bab0f2d67805056a406d5edd9f39a7d2b15e3a9,2,0.0025,unknown_hx,0,0,unknown_hx
hx986d620f681f6f3bc79c9f005d83b65ca9548237,2,0.0025,unknown_hx,0,0,unknown_hx
hxe176ef7cea0c7769b746fa604098cb7aa1ddc142,2,0.0025,unknown_hx,0,0,unknown_hx
hx089d77fb05700016dcb2d8d6df757fec8b8fc495,2,0.0025,unknown_hx,0,0,unknown_hx
hx715b38f28d611ea003ecdfe309d84a2b78b5505b,2,0.0025,unknown_hx,0,0,unknown_hx
hx7189ee989f45583ab34216a3d7ed5e25f1a36255,2,0.0025,unknown_hx,0,0,unknown_hx
hx90ff1fd3644162f9fef74a13d51f0cc58db04fe6,2,0.0025,unknown_hx,0,0,unknown_hx
hx8ac037ad14449b686777b60e84adb2780a69f365,2,0.0025,unknown_hx,0,0,unknown_hx
hxc000d92a7d9d316c6acf11a23a4a20030d414ef2,2,0.0025,"binance
sweeper_18",0,0,binance
hx13262275e484d337d3ac7b6dcee9cbcd410419a8,2,0.0025,unknown_hx,0,0,unknown_hx
hx7292636be9c1fcde331137b98752b20c127daaf5,2,0.0025,unknown_hx,0,0,unknown_hx
hx024f982931742a6d50db304139cb365c4fa637b8,2,0.0025,unknown_hx,0,0,unknown_hx
hxb47e9bfd61ebaa30d3639dc146f340aec0deabd8,2,0.0025,unknown_hx,0,0,unknown_hx
hx7a5d4f91470e269640b234092212fbdc22ade1dd,2,0.0025,unknown_hx,0,0,unknown_hx
hxf6278c065dd71e4be80f4c8aea6ee5e8c9768a33,2,0.0025,unknown_hx,0,0,unknown_hx
cx43fa2fa3cdc8c5d48abd612eada8169d3d9b5a73,2,0.00386475,Home Ground Pay,2,0,Home Ground Pay
hx0b7d12b4c9c23f23c82b96f55952ea60cd9c16f5,2,0.0025,unknown_hx,0,0,unknown_hx
hx4fab1748df383d649727cf260b83eb1c47971bec,2,0.0025,unknown_hx,0,0,unknown_hx
hxa9f493e7b0e5d00e380e5e11eb721ad495c04095,2,0.0025,unknown_hx,0,0,unknown_hx
hx8d5b3e48217504ed39cb54f47cca76be3aa1fe5e,2,0.0025,unknown_hx,0,0,unknown_hx
hx74b33cc83bae7970c485edddb08303196f3b7f84,2,0.0025,unknown_hx,0,0,unknown_hx
hxae5c96be3896ef45f3636731c772bc70ed986e5a,1,0.00125,unknown_hx,0,0,unknown_hx
hxa51cd9ee832a6752f83d44613fa3f558683a8597,1,0.00125,unknown_hx,0,0,unknown_hx
hxa4223229cf2bacc2fbb861563bb6e2b9cbc56a3e,1,0.00125,unknown_hx,0,0,unknown_hx
hxa487f602752ce69e882aac6b0d1dedfac96c631a,1,0.00125,unknown_hx,0,0,unknown_hx
hxaefed0b9d8df07a9f3d0785acfe57d04a3bab1cd,1,0.00125,unknown_hx,0,0,unknown_hx
hxaf184e4e6d02d7ec109dde627756ac8796606b1d,1,0.00125,unknown_hx,0,0,unknown_hx
hxb0570b66436d7dc90eec6999158662a0610a86ed,1,0.00125,unknown_hx,0,0,unknown_hx
hx877ca81a654e8116b49166c0666f924b16d83077,1,0.00125,unknown_hx,0,0,unknown_hx
hxb0fd84cead74690928d784b186b3d9840c147433,1,0.00125,unknown_hx,0,0,unknown_hx
hx883d86638f1eab8bff733f47262cd5ac3fdb20fd,1,0.00125,unknown_hx,0,0,unknown_hx
hxadcfb79e540130be763fe660498b56e10fb28b66,1,0.00125,unknown_hx,0,0,unknown_hx
hxa35bf9cd6f00a047142fc2c2785956f9167f4b0a,1,0.00125,unknown_hx,0,0,unknown_hx
hxa51e7aae2dd4a72f9aecbfc8ea7daa37094b6fda,1,0.00125,unknown_hx,0,0,unknown_hx
hxaa7a2e3b9bae545b590c3c74c5d12c060210a97e,1,0.00125,unknown_hx,0,0,unknown_hx
hxa7403462497e19d2c2bbb10d91618f0b7b0aafe2,1,0.00125,unknown_hx,0,0,unknown_hx
hxa76f055c6639ec72dd0bf030c190df7b224ddb10,1,0.00125,unknown_hx,0,0,unknown_hx
hxa7a19c80316d80dfc4f8842789b03ccb67743c14,1,0.00125,unknown_hx,0,0,unknown_hx
hx86f13a05adbc3c13fefa5c24064ad4244ffc93f0,1,0.00125,unknown_hx,0,0,unknown_hx
hxa728b7438246746df35bc9b869b2913a53826264,1,0.00125,unknown_hx,0,0,unknown_hx
hxa7efc3caacc494b630cd8b080cb72d9c39245a93,1,0.00125,unknown_hx,0,0,unknown_hx
hxa813e65df2ebfd09f3c882c6d89f9b576c0f8451,1,0.00125,unknown_hx,0,0,unknown_hx
hxa7221a280ca7709c6e198e6ac856fa9cdf198262,1,0.00125,unknown_hx,0,0,unknown_hx
hxa84a124909e49b5e798ee8f102bcb43cb9a9bead,1,0.00125,unknown_hx,0,0,unknown_hx
hxa8acaac57b4cac125ba8a31ddddb7ac8cd57c80f,1,0.00125,unknown_hx,0,0,unknown_hx
hxa6cc1cc428b0d2e1f19f6a95a7a1313752764505,1,0.00125,unknown_hx,0,0,unknown_hx
hxaa5d439fdd90399d651b0e432e5826455477d8f2,1,0.00125,unknown_hx,0,0,unknown_hx
hx86f9276a661cd38bad0d0b25a1dc6edce77addb4,1,0.00125,unknown_hx,0,0,unknown_hx
hx872993410961182829ce0712214ca9c1e9c7cd76,1,0.00125,unknown_hx,0,0,unknown_hx
hxab4bc5fb17a939b6710bf559a79d65132387f1f6,1,0.00125,unknown_hx,0,0,unknown_hx
hxa6b2a6b87b4dcb761ab154df28ad4193eca469a5,1,0.00125,unknown_hx,0,0,unknown_hx
hxac09ad418fa86edf4f3eb2d000120d5a5fd22c82,1,0.00125,unknown_hx,0,0,unknown_hx
hxa5f71b0fb7715fa720b8c1f3c1e2a9df7cd4d03e,1,0.00125,unknown_hx,0,0,unknown_hx
hxa5f191a212070410fd1eb3309932cb134db497b7,1,0.00125,unknown_hx,0,0,unknown_hx
hxac1ab352c9e248446c36dd98c2f4c118d06b937a,1,0.00125,unknown_hx,0,0,unknown_hx
hxac5205e4c0e852dc190b4b35e6afbf69d4ae91f3,1,0.00125,unknown_hx,0,0,unknown_hx
hxac7652e042914c44a173a1928124b2129d804e37,1,0.00125,unknown_hx,0,0,unknown_hx
hxadc45995d1ccee94d74410b8cc86f4a010aa5902,1,0.00125,unknown_hx,0,0,unknown_hx
hxa5b28843879bf40e5e23ddad4aaabadc5bec5b05,1,0.00125,unknown_hx,0,0,unknown_hx
hxa5a08e0287dd75ff509c5916a1e5f3877fdcc09f,1,0.00125,unknown_hx,0,0,unknown_hx
hxadce8a16f548ffb993cf7aca24f1f7cc93150b84,1,0.00125,unknown_hx,0,0,unknown_hx
hxa5c291feb44949d9347936bdd5742d32115eba6f,1,0.00125,unknown_hx,0,0,unknown_hx
hx9e34e14e2f4b6817db28fc294585b895656e3af8,1,0.00125,unknown_hx,0,0,unknown_hx
hxa353adc7d2a1186e40b608c800da1a98ab18c7eb,1,0.00125,unknown_hx,0,0,unknown_hx
hxa3382d49db713e30e19671754f38c1f9f7628ba5,1,0.00125,unknown_hx,0,0,unknown_hx
hx924f6b08cfbaf83f8e7bf2177517d3da4551c30f,1,0.00125,unknown_hx,0,0,unknown_hx
hx92a07a31825e4ecc6b5cdd158b4fa5e3f4b59a4d,1,0.00125,unknown_hx,0,0,unknown_hx
hx93eb05e98f15c84d9b7cdeda5c3532d188057cc0,1,0.00125,unknown_hx,0,0,unknown_hx
hx9505abaeb5c67ba06f7da5a24fbda5a510862044,1,0.00125,unknown_hx,0,0,unknown_hx
hx9529320eeeed5f467b544e8a97589ef67c89c4b1,1,0.00125,unknown_hx,0,0,unknown_hx
hx8a9ae32468ee1ad1a43d6225d9a9879d39ccd62b,1,0.00125,unknown_hx,0,0,unknown_hx
hx95a8dcf1fd81363bf769a06809be3f57a16ce370,1,0.00125,unknown_hx,0,0,unknown_hx
hx96968d51ee2f12102a278be20fd66de009fc5b67,1,0.00125,unknown_hx,0,0,unknown_hx
hx96a3ac2d3b56b86448f4fa4a32f35783a7f5497b,1,0.00125,unknown_hx,0,0,unknown_hx
hx96c4a0dbc36627e222c0d845fdad32d248041eb5,1,0.00125,unknown_hx,0,0,unknown_hx
hx8a2bc74d734b4c751e4639de155dccefaec396da,1,0.00125,unknown_hx,0,0,unknown_hx
hx8a2988f8108d7b4ecc48d54f13b94c52264e5bbf,1,0.00125,unknown_hx,0,0,unknown_hx
hx96d73a746eba369c0571e84b646bf1b78e2d6b97,1,0.00125,unknown_hx,0,0,unknown_hx
hx96e1e8319b4ab0193a2ff0edd10bb0fdacbe692e,1,0.00125,unknown_hx,0,0,unknown_hx
hx97006255b0a7af612e663e803101cc392cb8a619,1,0.00125,unknown_hx,0,0,unknown_hx
hx89ff2e5796eae32e163746f632b4969e8cc54de7,1,0.00125,unknown_hx,0,0,unknown_hx
hx9711e3c4022970c9e7a2e38b2a6e4fd7ed83d83f,1,0.00125,unknown_hx,0,0,unknown_hx
hx971306ecf098cd6d6a0d2e1dd42af970b396faed,1,0.00125,unknown_hx,0,0,unknown_hx
hx9739926ffee607b792982675f3961702fca2ab6d,1,0.00125,unknown_hx,0,0,unknown_hx
hx8aafcd166dc8dcd7d14eab0bf40463c8bae1ecb6,1,0.00125,unknown_hx,0,0,unknown_hx
hx9232b6a936b0bedfdd8df6c1bd7ef70b60c25b88,1,0.00125,unknown_hx,0,0,unknown_hx
hx91cf5f0707238e5b03ce8f7cfa7de8a05d9c8521,1,0.00125,unknown_hx,0,0,unknown_hx
hx8df3442f1dbcfa688305d15c096f2966b745f343,1,0.00125,unknown_hx,0,0,unknown_hx
hx8b3792a55a614879dfe51530549e2055dab736c6,1,0.00125,unknown_hx,0,0,unknown_hx
hx8bf8773439c819debab40a2b1b0974f50e252ea9,1,0.00125,unknown_hx,0,0,unknown_hx
hx8c1f72890e88c037e1d2805ae8d67ac6e1174cce,1,0.00125,unknown_hx,0,0,unknown_hx
hx8c542eff2b08fcb4504286749772b6109ba901c1,1,0.00125,unknown_hx,0,0,unknown_hx
hx8c98788f179b0bc88e51a65b13869505782e1c70,1,0.00125,unknown_hx,0,0,unknown_hx
hx8d2022db2d86aa0435097f15af0bc4e21a976daf,1,0.00125,unknown_hx,0,0,unknown_hx
hx8d93489dff11678dd61176da4db0366e7a7ef39b,1,0.00125,unknown_hx,0,0,unknown_hx
hx8db74a1317fd2386f63ba979e1096d9da0bd4221,1,0.00125,unknown_hx,0,0,unknown_hx
hx8e3dac71e5ae2f8df45fd6766e4612e7c5a9c779,1,0.00125,unknown_hx,0,0,unknown_hx
hx911a4ecc7d6c280b7ba62f4d673bfc95e8748146,1,0.00125,unknown_hx,0,0,unknown_hx
hx8e957dff0fe7ec7464742f9b3e7b7be5db33a0ff,1,0.00125,unknown_hx,0,0,unknown_hx
hx8ed14b53a0fed8564648771d33f53e2905aa82cc,1,0.00125,unknown_hx,0,0,unknown_hx
hx8ef977278629bb7de2dd40c9b4c75fbafe5f09dc,1,0.00125,unknown_hx,0,0,unknown_hx
hx8f28d0152667f301cbf8ab4e7ddaf9f059b2af9d,1,0.00125,unknown_hx,0,0,unknown_hx
hx8fc3fa533dd8f7e489b7836a0cb3a301da46be1b,1,0.00125,unknown_hx,0,0,unknown_hx
hx90198ea9de3a1c2b7b96ed2824e4c5cd6b83021b,1,0.00125,unknown_hx,0,0,unknown_hx
hx9089fb5ba4698ed7bb02117d9c50c33bec8f97ec,1,0.00125,unknown_hx,0,0,unknown_hx
hx90ac83697b0e37a652da5b3fff9fc82ded13beeb,1,0.00125,unknown_hx,0,0,unknown_hx
hx973e2502e5d4816f5e8ae7182a3bd70fa468b68a,1,0.00125,unknown_hx,0,0,unknown_hx
hx97ef2b5d695be72a1d35b421e312daf7fd381c67,1,0.00125,unknown_hx,0,0,unknown_hx
hx9924a75318e017d0f16d29308d91b2a06400d0b8,1,0.00125,unknown_hx,0,0,unknown_hx
hxa17ac929f1604cf3ad3d4ed09001cfa1133e4ad9,1,0.00125,unknown_hx,0,0,unknown_hx
hx8b571ba2703f3d5eadb6354746ff7ad0c44c7282,1,0.00125,unknown_hx,0,0,unknown_hx
hx889095e9a5fe4e1641ac0239d81402de87081a7e,1,0.00125,unknown_hx,0,0,unknown_hx
hx9ee18b755d82f9b06477383059950e055c50abe3,1,0.00125,unknown_hx,0,0,unknown_hx
hxa02586a3993bdcae3b0ffecb092d0556d16c9df6,1,0.00125,unknown_hx,0,0,unknown_hx
hxa03061fc1fe00b33384697ba506aca6312ef2ab9,1,0.00125,unknown_hx,0,0,unknown_hx
hxa13ea32b2cebf15e96d2cbb9777a0ab432b0de30,1,0.00125,unknown_hx,0,0,unknown_hx
hxa14de038bdd4cdf8ce4fa10cb0685578523352e6,1,0.00125,unknown_hx,0,0,unknown_hx
hxa1580ce1896f8fb240f9415e8f74b320b273af57,1,0.00125,unknown_hx,0,0,unknown_hx
hxa1c4274a1d1d011f9d464d4399b5c5edc4600725,1,0.00125,unknown_hx,0,0,unknown_hx
hx9d8200d71337dc366c58bdfe5209c6aabc8115a0,1,0.00125,unknown_hx,0,0,unknown_hx
hx8858792984d003f6ee2cdf65e2717efd7d0660dd,1,0.00125,unknown_hx,0,0,unknown_hx
hxa1dc1d4865b0ea4a99c99e350dabefc97c56daec,1,0.00125,unknown_hx,0,0,unknown_hx
hxa22584e41d576e4d1b84b798d6081138179f92fa,1,0.00125,unknown_hx,0,0,unknown_hx
hxa23d18a466c12111540b977bd678b45bfe2a2244,1,0.00125,unknown_hx,0,0,unknown_hx
hxa2af99ab42ef140797060bfffc3468dbb2eff9e9,1,0.00125,unknown_hx,0,0,unknown_hx
hxa2fa0cd27f1786bef07f8decff32e0ad55c88fa6,1,0.00125,unknown_hx,0,0,unknown_hx
hxa31ea7b4359a2f67e712f535952bc6c623889fff,1,0.00125,unknown_hx,0,0,unknown_hx
hxa323b1b2fc5a7340ffe27282c64dd0cc89deb31e,1,0.00125,unknown_hx,0,0,unknown_hx
hx9dd2698cc9553961019bf949c2e89e664064513d,1,0.00125,unknown_hx,0,0,unknown_hx
hx88d13cbfbe274568005c218b800cb79dd17cdc11,1,0.00125,unknown_hx,0,0,unknown_hx
hx99318e36156d56132f80e0599649c38f7baa886e,1,0.00125,unknown_hx,0,0,unknown_hx
hx9aa09262964f21cadded095276eb614c4173acb6,1,0.00125,unknown_hx,0,0,unknown_hx
hx9955a46f725c668fb95db7217853c85fa9413c92,1,0.00125,unknown_hx,0,0,unknown_hx
hx995956cee8f1faa7bb1c7d4baf390f4b4972585b,1,0.00125,unknown_hx,0,0,unknown_hx
hx995b938c9aa95c03831241a837fc073a5308b743,1,0.00125,unknown_hx,0,0,unknown_hx
hx897e6f9797642d23456cf8bbff5fa8f24a679e57,1,0.00125,unknown_hx,0,0,unknown_hx
hx9994eeff7490131f381ba2927aa0ff4298817076,1,0.00125,unknown_hx,0,0,unknown_hx
hx99d47fa5c2205e7912c86f1fc265dd9edafedc82,1,0.00125,unknown_hx,0,0,unknown_hx
hx9a12679ee7a551b5c74e344d55f1eb2f76cd06dd,1,0.00125,unknown_hx,0,0,unknown_hx
hx9a45e9154929d4596bed4d7ab985d2f1d7e71e9f,1,0.00125,unknown_hx,0,0,unknown_hx
hx9aa85119b74cc11fbeb298952e95c524d4e27408,1,0.00125,unknown_hx,0,0,unknown_hx
hx9c58ed849489d4dbdf61658ce3e1df3933d2df13,1,0.00125,unknown_hx,0,0,unknown_hx
hx9aed284156ac7086429425ba21e8947202ac143d,1,0.00125,unknown_hx,0,0,unknown_hx
hx9b0877f42801ac71a2b4470058e275bd379746ce,1,0.00125,unknown_hx,0,0,unknown_hx
hx9b402cbf72f713efd6b8d7a709cb6eb7ed7695cd,1,0.00125,unknown_hx,0,0,unknown_hx
hx9b42461f4507806bfbb0367506a3f38fb7d34349,1,0.00125,unknown_hx,0,0,unknown_hx
hx9b82e247490c7fe8e21399715fcba2a8c80a1725,1,0.00125,unknown_hx,0,0,unknown_hx
hx8921af1c7db04fde403e32ffca41c2b05ab8ed9e,1,0.00125,unknown_hx,0,0,unknown_hx
hx9bc750ef095d64302505fb19cdd824426925073c,1,0.00125,unknown_hx,0,0,unknown_hx
hx9bd6a46fc38eb9d61ecb898cff5802381c2eda3f,1,0.00125,unknown_hx,0,0,unknown_hx
hxb270068ee4c768ea7c1d9934bbfde825d04e69d4,1,0.00125,unknown_hx,0,0,unknown_hx
hxc706e10dbc24bd8a6bf5b9ee34f5ceb55a14bea4,1,0.00125,unknown_hx,0,0,unknown_hx
hxb2f70b90d4d9dd027261f193402e9e7bcdbd84d7,1,0.00125,unknown_hx,0,0,unknown_hx
hxeab82c609c2aa2191eb2eb60efd7a1abfd1cb819,1,0.00125,unknown_hx,0,0,unknown_hx
hxe4d82bc33d23f923fe99b8dad9a3e8a64a0fe8f9,1,0.00125,unknown_hx,0,0,unknown_hx
hxe4ff71bb6130bb6780518abd1ab4bfe8dbf25b07,1,0.00125,unknown_hx,0,0,unknown_hx
hxe55559b325146c0c5e4043c15b21389728261fc8,1,0.00125,unknown_hx,0,0,unknown_hx
hxe58a1c613a9548e98367fbf02cfef48fa245621a,1,0.00125,unknown_hx,0,0,unknown_hx
hxe6125aa0bebd476dab0d4abc821f1b050913a698,1,0.00125,unknown_hx,0,0,unknown_hx
hxe72793740e0b83219225c9f826c32e2ab177d968,1,0.00125,unknown_hx,0,0,unknown_hx
hxe72c908bd6dab62b4380d64cd2c9c4dce7d03e35,1,0.00125,unknown_hx,0,0,unknown_hx
hxe74b5742a01db0fe13020ec15013cb0b05b7fb7c,1,0.00125,unknown_hx,0,0,unknown_hx
hxe8aceaf2b90ac5c473abd9f6c1a1dc28901ed570,1,0.00125,unknown_hx,0,0,unknown_hx
hxe9261c2c3e12360027797749e0a536db5bbd978d,1,0.00125,unknown_hx,0,0,unknown_hx
hxeabc762a93205c0f4e061173280f0cc041af2513,1,0.00125,unknown_hx,0,0,unknown_hx
hxe4210d83e893926e288615897a0da131f53cac7f,1,0.00125,unknown_hx,0,0,unknown_hx
hxeb31502cce3f9938e23f2a953f82c7fe624d38df,1,0.00125,unknown_hx,0,0,unknown_hx
hxeb3897750decceafc26b5de860202f8cf0ed62ef,1,0.00125,unknown_hx,0,0,unknown_hx
hxebd772727a627405c30434a4f1c2b91f07a0f16f,1,0.00125,unknown_hx,0,0,unknown_hx
hxec2768481715ba83bfc2f2d2f085f7cd005f9418,1,0.00125,unknown_hx,0,0,unknown_hx
hxec60b60f011f3542837f1b1989d5c553624dbc68,1,0.00125,unknown_hx,0,0,unknown_hx
hxee2ff0fbda228070e39d978901cf4b323f17678e,1,0.00125,unknown_hx,0,0,unknown_hx
hxeeefff8850d7f50c78a3e36618a30f17c4463234,1,0.00125,unknown_hx,0,0,unknown_hx
hxeef71d87f37d8ba724d81cd8c3fd471d90ee087c,1,0.00125,unknown_hx,0,0,unknown_hx
hxef17fbd6546efe2f9095f22f90890f9d04737934,1,0.00125,unknown_hx,0,0,unknown_hx
hxf085178ac7c1a8959e1bca8e74e226697b049b39,1,0.00125,unknown_hx,0,0,unknown_hx
hxe427932807919661570896b525f6165e13acae90,1,0.00125,unknown_hx,0,0,unknown_hx
hxe402fe2077c832907ed8d15d380d7c6b6f0248b7,1,0.00125,unknown_hx,0,0,unknown_hx
hxf15d17ad7b9e02ffaa89b83aa790bae1670b7522,1,0.00125,unknown_hx,0,0,unknown_hx
hxdeac157ba1b370d79b11ac19bee611b7890ba0fb,1,0.00125,unknown_hx,0,0,unknown_hx
hxd8a9085fa40645fdeb76d83e766218728c031aab,1,0.00125,unknown_hx,0,0,unknown_hx
hxd8d31011a14b8f8d2cc99ac59aba4f868752fa96,1,0.00125,unknown_hx,0,0,unknown_hx
hxd924009789c296b0614bff0336a90eaad4c0e33b,1,0.00125,unknown_hx,0,0,unknown_hx
hxd98c41b6c0b51587c4cfd9f9b2846497afd662c2,1,0.00125,unknown_hx,0,0,unknown_hx
hxda11aee0cd55268f2fa90559fe519b5ec2888b59,1,0.00125,unknown_hx,0,0,unknown_hx
hxdc2643cc0b1a306ece825d7cdd5f315270eb0f8a,1,0.00125,unknown_hx,0,0,unknown_hx
hxdc7ed6e31f08ecc4263396531c424007c67c9ed8,1,0.00125,unknown_hx,0,0,unknown_hx
hxdd233786d58686ff0e740fa8717a5f72050aeb6e,1,0.00125,unknown_hx,0,0,unknown_hx
hxdd57977d1ff59855de0340e91c03c0bf90c6044d,1,0.00125,unknown_hx,0,0,unknown_hx
hxddaa4bab28c0cb6afa8393570030ceb95a9820ac,1,0.00125,unknown_hx,0,0,unknown_hx
hxded0344dcfeb1d45fcc2055b4d652d5393f2511c,1,0.00125,unknown_hx,0,0,unknown_hx
hxe353d5d368c0727af0eea0157c1cbb1b189eca60,1,0.00125,unknown_hx,0,0,unknown_hx
hxdf248bb618e187f69171a8c3671daae4d5731f75,1,0.00125,unknown_hx,0,0,unknown_hx
hxe0e1555e08a8c9f765e89db9d87de9619b85f247,1,0.00125,unknown_hx,0,0,unknown_hx
hxe1395ae915ca3259d7932ce631dc68672a4a9438,1,0.00125,unknown_hx,0,0,unknown_hx
hxe13c0b3deb2022fef6247fe2dda8c4f161f05893,1,0.00125,unknown_hx,0,0,unknown_hx
hxe158ef42eb38f6e4d23c280ea77ededd9ba2d90c,1,0.00125,unknown_hx,0,0,unknown_hx
hxe174e405642b059aab26c9d738c6fc188b085ef6,1,0.00125,unknown_hx,0,0,unknown_hx
hxe245d031a52651cfed45de4672dc315805873c82,1,0.00125,unknown_hx,0,0,unknown_hx
hxe26c58fcd33534a044ad15b1ed1035747019a446,1,0.00125,unknown_hx,0,0,unknown_hx
hxe273b5572e13939dbc3d7d9291321cde5f9b6114,1,0.00125,unknown_hx,0,0,unknown_hx
hxe2ab10f3b9b9b857a61afaef700c17c74962bcde,1,0.00125,unknown_hx,0,0,unknown_hx
hxf086d62c80c62dc2ee15a3f59c6e825657a030fd,1,0.00125,unknown_hx,0,0,unknown_hx
hxf193c12fd829b435efbbb5ebb97e366075d45925,1,0.00125,unknown_hx,0,0,unknown_hx
hxb33fbb3326291a55c5ed7eb77bec774d9d7b347f,1,0.00125,unknown_hx,0,0,unknown_hx
hxfc15c69903d6f448d3f7bf1c72ddc8cfe43250fe,1,0.00125,unknown_hx,0,0,unknown_hx
hxf8f2d8f12abbbd4e70ae6e89d31b4f8301b56caf,1,0.00125,unknown_hx,0,0,unknown_hx
hxf9424d78814eb658efc671ff0c44bb9bce811479,1,0.00125,unknown_hx,0,0,unknown_hx
hxf95407d22c82857bf1e2d000dbccd43549033aba,1,0.00125,unknown_hx,0,0,unknown_hx
hxf9b36691193f96838de766c7ee44c386a53d9147,1,0.00125,unknown_hx,0,0,unknown_hx
hxfab3df822a9d9571b0cb9253be63292bf573c4e7,1,0.00125,unknown_hx,0,0,unknown_hx
hxfb1ab1667de19d8bc78f2ee0932294979a0cbf51,1,0.00125,unknown_hx,0,0,unknown_hx
hxfb23be60d27fba8c5f9e279e2d7dc75b117e9de7,1,0.00125,unknown_hx,0,0,unknown_hx
hxfb7dc2b24da3cab4d08820b44df3086ef247426d,1,0.00125,unknown_hx,0,0,unknown_hx
hxfb876c34056fc95a49823386fb7f9933d5dac2b7,1,0.00125,unknown_hx,0,0,unknown_hx
hxfbf161da26bdda5609f8b15773eb1754389eb843,1,0.00125,unknown_hx,0,0,unknown_hx
hxfc84e93abc5433be44118533cb937c58252ac218,1,0.00125,unknown_hx,0,0,unknown_hx
hxf84b23193000efb21236c1bcb2c26f96297ca82f,1,0.00125,unknown_hx,0,0,unknown_hx
hxfd5593f43bc2310c7af7fd9cb29cba2f7e05a816,1,0.00125,unknown_hx,0,0,unknown_hx
hxfd6f71bde08185a96e190e7e5abb419ceccdfead,1,0.00125,unknown_hx,0,0,unknown_hx
hxfe4fc0335802e4421d9646848f427adcd20c2c29,1,0.00125,unknown_hx,0,0,unknown_hx
hxfe610d2b1ba645e39da8272700abd04e0a5767b6,1,0.00125,unknown_hx,0,0,unknown_hx
hxfe9b99175313e6b398a5d025d83b2100a693a683,1,0.00125,unknown_hx,0,0,unknown_hx
hxfec057e5a01206480c7142622fa30321377862e3,1,0.00125,unknown_hx,0,0,unknown_hx
hxfee4d40de7b4cd9e25a00d40be3c5d4e874418f4,1,0.00125,unknown_hx,0,0,unknown_hx
hxff2b9aeedeb6b66c1d2b1e74331e2cb21b63909f,1,0.00125,unknown_hx,0,0,unknown_hx
hxffb1dd18ccc5a3ba3145a9af43c620490d79bdf3,1,0.00125,unknown_hx,0,0,unknown_hx
hxffe0850d1ebcc4c7a32501f485054a87912c5657,1,0.00125,unknown_hx,0,0,unknown_hx
hxf88fbb3cfa0adc638790dea0f8d8c0e874e628e4,1,0.00125,unknown_hx,0,0,unknown_hx
hxf82348f0d6d04a244a92f07643c11b35fd1aa214,1,0.00125,unknown_hx,0,0,unknown_hx
hxf19ea29f223c9844183b76018f9893e8560885cc,1,0.00125,unknown_hx,0,0,unknown_hx
hxf3cf8f1c7395215f2d36b272f21596937667c577,1,0.00125,unknown_hx,0,0,unknown_hx
hxf1c0a5fbc3c09aa3085ca1c4b0a150b3f93cca2b,1,0.00125,unknown_hx,0,0,unknown_hx
hxf1ea3eb337432bddb4e01e0b926c671eff297af9,1,0.00125,unknown_hx,0,0,unknown_hx
hxf238b7275dd37e2e086d2d2b4f12b4176b991b5b,1,0.00125,unknown_hx,0,0,unknown_hx
hxf268d5c860416eb02a7503222f978a680739231e,1,0.00125,unknown_hx,0,0,unknown_hx
hxf28f7548f0ed460fd728bff47f56dad7eb7f297a,1,0.00125,unknown_hx,0,0,unknown_hx
hxf293559942729cfd90959ddf6dc6a358924eb84c,1,0.00125,unknown_hx,0,0,unknown_hx
hxf2b9baed26a731a22560ed485b7267804ea40d64,1,0.00125,unknown_hx,0,0,unknown_hx
hxf2fbc12446c9860ae4305d380ad7b14efd3815ca,1,0.00125,unknown_hx,0,0,unknown_hx
hxf39ff1964565a0bdee85609d120c7b9bb955b6ec,1,0.00125,unknown_hx,0,0,unknown_hx
hxf3a348d04ca638296dd7b1624ab3cba41c3753e0,1,0.00125,unknown_hx,0,0,unknown_hx
hxf4510e7197e716ab235d601bbe7ada82c6c648cc,1,0.00125,unknown_hx,0,0,unknown_hx
hxf6db309a8b15244926a675fd85d76c053a91ab3a,1,0.00125,unknown_hx,0,0,unknown_hx
hxf4794f2653aab76d8509affb4d8a0fd5e1a53605,1,0.00125,unknown_hx,0,0,unknown_hx
hxf48b93d5bd4c98acc498845f54e38264b3f5d112,1,0.00125,unknown_hx,0,0,unknown_hx
hxf4fd7090f97a0ec37abab78e880b1e92650887da,1,0.00125,unknown_hx,0,0,unknown_hx
hxf508565acf7d3c344e913a40285fdb313040175c,1,0.00125,unknown_hx,0,0,unknown_hx
hxf5ce1f07c7a4101b129601fb1c3432a87540b17f,1,0.00125,unknown_hx,0,0,unknown_hx
hxf5e4a689d90b96206b85698505c99e200c8e933f,1,0.00125,unknown_hx,0,0,unknown_hx
hxf5e567c3aa34656120ad4d3c8013b16273a90633,1,0.00125,unknown_hx,0,0,unknown_hx
hxf649c66f6f484ea99f47dad5db60b1389945959d,1,0.00125,unknown_hx,0,0,unknown_hx
hxf6501d86d7744888f7d518721414ca0818116523,1,0.00125,unknown_hx,0,0,unknown_hx
hxf656fddfd6bf69066c0ff2c2d0ac5436142c53c7,1,0.00125,unknown_hx,0,0,unknown_hx
hxd7c18ee6c13f6a730e53c6c0acf19c7d7d97bcb8,1,0.00125,unknown_hx,0,0,unknown_hx
hxd7a34c15c2345d9f0891545350181c7b162d9e08,1,0.00125,bittrex,0,0,bittrex
hxd79b65821a67da566b0a55b4e1494d34c192d7ad,1,0.00125,unknown_hx,0,0,unknown_hx
hxc1378ea3bd28ebaaa37f6c21b8c99c2b730fb2bd,1,0.00125,unknown_hx,0,0,unknown_hx
hxbd16c4b19c78c8986c273a62a8b4bdd933dc79ea,1,0.00125,unknown_hx,0,0,unknown_hx
hxbdd007f4d01e84c67fb8cb883ed79539fd1db83b,1,0.00125,unknown_hx,0,0,unknown_hx
hxbdd286fd3d67fc282b68b236f41eb95e7da49ae8,1,0.00125,unknown_hx,0,0,unknown_hx
hxbdfbd3c7ef8e7ff460e3f596dc70534f324103d9,1,0.00125,unknown_hx,0,0,unknown_hx
hxbed52ddd3eddbf410953021f2a380237332d228f,1,0.00125,unknown_hx,0,0,unknown_hx
hxbee7e9fc77eac2d2678bef25cc9322e14e2e764d,1,0.00125,unknown_hx,0,0,unknown_hx
hxc00d14b017b7b565ad8c04e47b00bf2c87c906ad,1,0.00125,unknown_hx,0,0,unknown_hx
hxc037add7a535d3a61651950ac6276c823bc615e9,1,0.00125,unknown_hx,0,0,unknown_hx
hxc05cacf0f93ed128e95c56db25f56bc17251586b,1,0.00125,unknown_hx,0,0,unknown_hx
hxc13433f29c4c885fe0180332b9b3a90e9d1b52a7,1,0.00125,unknown_hx,0,0,unknown_hx
hxc147caa988765c13eaa6ca43400c27a0372b9436,1,0.00125,unknown_hx,0,0,unknown_hx
hxbcfa5b410440e152b483de829f8a939f52943aa1,1,0.00125,unknown_hx,0,0,unknown_hx
hxc152cb421bba447fa22fe0a5ed81a7a547846cfd,1,0.00125,unknown_hx,0,0,unknown_hx
hxc1c269e617be9b63c49255f393036859bbf60f8a,1,0.00125,unknown_hx,0,0,unknown_hx
hxc20e598dbc78c2bfe149d3deddabe77a72412c92,1,0.00125,"binance
sweeper_08",0,0,binance
hxc218c2a308cc1ae2b1ea56121d27d2d74823e0b0,1,0.00125,unknown_hx,0,0,unknown_hx
hxc22ac423dbcaab7ae8d8c1d65f12af6dea70016b,1,0.00125,unknown_hx,0,0,unknown_hx
hxc23013828f844c41964f4137debdfe36743adb71,1,0.00125,unknown_hx,0,0,unknown_hx
hxc4234a0b00796378031ea13f7726d6042e05e75a,1,0.00125,unknown_hx,0,0,unknown_hx
hxc4b386d3619efbafe97beab71ac0059ff20f0a38,1,0.00125,unknown_hx,0,0,unknown_hx
hxc503ebb5a1d72d511e8924e9023437c82fee95b2,1,0.00125,unknown_hx,0,0,unknown_hx
hxc52cbcfe49bad4ac8a51e00af002e676c7c8b501,1,0.00125,unknown_hx,0,0,unknown_hx
hxbd1378f3c5059ecbe4d0b1712766dfa132ad10ca,1,0.00125,unknown_hx,0,0,unknown_hx
hxbc2ae564fe11e71a872d973e8228031af94762d1,1,0.00125,unknown_hx,0,0,unknown_hx
hxd75be101813ebacfe5d1d2184768ab6e4b5474ba,1,0.00125,unknown_hx,0,0,unknown_hx
hxb66c720b994e60890bedb95503b8c10bf8c67e0b,1,0.00125,unknown_hx,0,0,unknown_hx
hxb35cfc682a7861cc14e843b3016c6f0af72a59a5,1,0.00125,unknown_hx,0,0,unknown_hx
hxb36b4f72a5791380c63db1792af700d450824d49,1,0.00125,unknown_hx,0,0,unknown_hx
hxb3de5f7d9ca99cca37c940fb57aa649dfe4cff09,1,0.00125,unknown_hx,0,0,unknown_hx
hxb3f3056de97225643d64a9bf4059731d10648e99,1,0.00125,unknown_hx,0,0,unknown_hx
hxb4daf99689239af1c8a2f05af78efa78c2840417,1,0.00125,unknown_hx,0,0,unknown_hx
hxb56b5f281d25c93ce9157089e8314db04f6096a2,1,0.00125,unknown_hx,0,0,unknown_hx
hxb57ba3b28177108e782b8656fe2ba3f83dd15dbb,1,0.00125,unknown_hx,0,0,unknown_hx
hxb5f4348939bc2fe190eeacfb7822610749184aa2,1,0.00125,unknown_hx,0,0,unknown_hx
hxb60226c53b534a3a2a9922257cf1f1dcb3bad60c,1,0.00125,unknown_hx,0,0,unknown_hx
hxb62d01fa7a05f28e2667e369df942cc9804bf1cd,1,0.00125,unknown_hx,0,0,unknown_hx
hxb6ff13c0753f52ea84b1d3abfe3203871c0fcb88,1,0.00125,unknown_hx,0,0,unknown_hx
hxbaa3f462221b98e2cecf3635f0607367962581ae,1,0.00125,unknown_hx,0,0,unknown_hx
hxb747f5c0f2da5308d27f2ee7f742810515d443a7,1,0.00125,unknown_hx,0,0,unknown_hx
hxb80733d4f25da94cfacdf7bf7401791b2e8a4042,1,0.00125,unknown_hx,0,0,unknown_hx
hxb809034914182bedd27cab27d109c72f6a9344aa,1,0.00125,unknown_hx,0,0,unknown_hx
hxb83afd52e6ef9c26fb701120de52a692b5979a2b,1,0.00125,unknown_hx,0,0,unknown_hx
hxb89664ba2b07f3650bce587cd41292daf0c842f3,1,0.00125,unknown_hx,0,0,unknown_hx
hxb8a5f8a9e12f175854b84e00dcdceb9ccbcb4812,1,0.00125,unknown_hx,0,0,unknown_hx
hxb8bc910c2abe8e26a11d74a6a5cef4ab2f92f2d6,1,0.00125,unknown_hx,0,0,unknown_hx
hxb8d50df659af81e79c5e8fd6ad300009cb87f99a,1,0.00125,unknown_hx,0,0,unknown_hx
hxb8ff598b8c0e2192d10bf6fd1b39a46bf8d00feb,1,0.00125,unknown_hx,0,0,unknown_hx
hxb92f45db40c824f3673369b7436fa6890479c6cd,1,0.00125,unknown_hx,0,0,unknown_hx
hxc5d1539d84dddcf1c28a85d9602133a59ccc4600,1,0.00125,unknown_hx,0,0,unknown_hx
hxc6008f34e6a256a65737426bb8a26ee8fa226736,1,0.00125,unknown_hx,0,0,unknown_hx
hxc696825e36856786cf493d7891c132ff2a8ed938,1,0.00125,unknown_hx,0,0,unknown_hx
hxd3e7103c29e7804b8ef27e65dd72614d25f9b317,1,0.00125,unknown_hx,0,0,unknown_hx
hxcffff69f7d0966bdcf4bd45ef8c8c4e50981f339,1,0.00125,unknown_hx,0,0,unknown_hx
hxd018c0a03799e09d187b8625ae49583ee50c2080,1,0.00125,unknown_hx,0,0,unknown_hx
hxd154485ac028dec5ed3d154f45438a784c698107,1,0.00125,unknown_hx,0,0,unknown_hx
hxd182113fea7ae3164871bfda90ec8652123aa354,1,0.00125,unknown_hx,0,0,unknown_hx
hxd1f4f674f447385ce9bb02cc353a34ed0d945a11,1,0.00125,unknown_hx,0,0,unknown_hx
hxd24c225575c498f231810600f4446cefc72fe988,1,0.00125,unknown_hx,0,0,unknown_hx
hxd26cb6fd6d31f272f6328ff72d5e57d8535cf688,1,0.00125,unknown_hx,0,0,unknown_hx
hxd2ec61e10ab44e5ea4b7c9a3b4e968e00682229c,1,0.00125,unknown_hx,0,0,unknown_hx
hxd3a658365ab057659d0e2e1a694560ec35fc5202,1,0.00125,unknown_hx,0,0,unknown_hx
hxd3d168fbc1a364d275c53d11816fad953d613114,1,0.00125,unknown_hx,0,0,unknown_hx
hxd400fa4815b4fa19e06b819f4cd5049262d6ac92,1,0.00125,unknown_hx,0,0,unknown_hx
hxc6db0f36ddd6794709f1c8b404ffa332599e4b00,1,0.00125,unknown_hx,0,0,unknown_hx
hxd44aae0b7ea178f1001be74aea171e55a070dae1,1,0.00125,unknown_hx,0,0,unknown_hx
hxd46aa273d0b399544fbb4996d31b966126b39e74,1,0.00125,unknown_hx,0,0,unknown_hx
hxd4905e766f2bd0e4a921c96ab3a21f0242074dfd,1,0.00125,unknown_hx,0,0,unknown_hx
hxd6002ad6a21538751ce6d5b7dde29e71b8d76ea5,1,0.00125,unknown_hx,0,0,unknown_hx
hxd60657320b7fd1753ab433027866d029eb798c71,1,0.00125,unknown_hx,0,0,unknown_hx
hxd638a1151ebdd03b381d81b8030b73896a89964f,1,0.00125,unknown_hx,0,0,unknown_hx
hxd64a0ebd3d6c4c348a28eeefbbcd3d6e4c1d9a63,1,0.00125,unknown_hx,0,0,unknown_hx
hxd67e5b90687eda2305a7778e50cf08c85a8c726c,1,0.00125,unknown_hx,0,0,unknown_hx
hxd6cd56c457490d62134acd40594aee80dc5e463d,1,0.00125,unknown_hx,0,0,unknown_hx
hxd736e9979db0c60a5b74ef40f635557aa4770a3f,1,0.00125,unknown_hx,0,0,unknown_hx
hxced088c2823c603efc511f3eb0f19eba5ee09678,1,0.00125,unknown_hx,0,0,unknown_hx
hxce15d28e02864249956fd2b5d895eeb35e27fbb0,1,0.00125,unknown_hx,0,0,unknown_hx
hxce00c47b56f974e80b486eab1b7ad30c368bf4c8,1,0.00125,unknown_hx,0,0,unknown_hx
hxcdfb99cf608d0cd5cdd915980683dcb945f41690,1,0.00125,unknown_hx,0,0,unknown_hx
hx86d7719446de63deda2542841f45f209940401a6,1,0.00125,unknown_hx,0,0,unknown_hx
hxc74989d11deb52b2a58656364b4d7cb3bd43471e,1,0.00125,unknown_hx,0,0,unknown_hx
hxc771837730688bd25e3651b8946454a5d61f998e,1,0.00125,unknown_hx,0,0,unknown_hx
hxc78caf97ce1c2307635f71b66f586e188c818112,1,0.00125,unknown_hx,0,0,unknown_hx
hxc8870d76e9483f502ed678a401b5be0fde9dc1de,1,0.00125,unknown_hx,0,0,unknown_hx
hxc953117bbe931533469f5b456b74c215033cb214,1,0.00125,unknown_hx,0,0,unknown_hx
hxc95cbf3a490bd0c7e167338105e000666e69cc88,1,0.00125,unknown_hx,0,0,unknown_hx
hxc95e85150cafe9ce1fc9224b39720f2e2b74ea0b,1,0.00125,unknown_hx,0,0,unknown_hx
hxc980e9e82c9959be59d2ad67ebc99bb4e15019d8,1,0.00125,unknown_hx,0,0,unknown_hx
hxc9a3c421691de0c7f993fca57fce230983b5e3ad,1,0.00125,unknown_hx,0,0,unknown_hx
hxc9a967a6a4270e696a58f91753e4ada304e6d4a8,1,0.00125,unknown_hx,0,0,unknown_hx
hxca665710eafe968145081f64109799713b31ccf3,1,0.00125,unknown_hx,0,0,unknown_hx
hxcad3fe2077cfd1c06703fde579a603f7a80e4098,1,0.00125,unknown_hx,0,0,unknown_hx
hxcb3204684516b1bb89d0e4c09a1cea848db2a7f1,1,0.00125,unknown_hx,0,0,unknown_hx
hxcb4cc8fd1738da5270d01eee897f0cedceabb200,1,0.00125,unknown_hx,0,0,unknown_hx
hxcb96f66c489158c66be4c7bca337f4b26c8d1afb,1,0.00125,unknown_hx,0,0,unknown_hx
hxcd07f87ca0e03b9bb0d9a45d9cb75f44286aee07,1,0.00125,unknown_hx,0,0,unknown_hx
hxcd62fb6dbea52213ae83068be8d77925b5076295,1,0.00125,unknown_hx,0,0,unknown_hx
hxcdaac834bf731c03e615c44ae9c9587efbef3db9,1,0.00125,unknown_hx,0,0,unknown_hx
hxcddec9997498ff291316d5e9028f491a63ee3938,1,0.00125,unknown_hx,0,0,unknown_hx
hxcdf24355f55650215ead3f941366786a9d10107e,1,0.00125,unknown_hx,0,0,unknown_hx
hx86e53d31e89e45dece5dc19b3f68572e4c1d6353,1,0.00125,unknown_hx,0,0,unknown_hx
hx72cc0743e60816a4ffe574738df1e0c59cc9ea49,1,0.00125,unknown_hx,0,0,unknown_hx
hx86ca7cc071147693b5c388f21f1d1e34bd99bbcb,1,0.00125,unknown_hx,0,0,unknown_hx
hx2e35a032e01100ff3324c218df07f4bd9f632fb0,1,0.00125,unknown_hx,0,0,unknown_hx
hx2a87d20288b26ca8656b9f14c77ceeecceb4122a,1,0.00125,unknown_hx,0,0,unknown_hx
hx2aebda696fa5b8338bb00b8fa6b4adf9646b48e6,1,0.00125,unknown_hx,0,0,unknown_hx
hx2afe8e33bc476bd1e1b7b6ac37912dadc11f1d9d,1,0.00125,unknown_hx,0,0,unknown_hx
hx2b48c277b9f95e45bd968989a9a65cda56092fed,1,0.00125,unknown_hx,0,0,unknown_hx
hx2b9fd10644dc7516f8461400358b5bd016e7980e,1,0.00125,unknown_hx,0,0,unknown_hx
hx2bdb173d4f37ac74024394c755e958e87f25c116,1,0.00125,unknown_hx,0,0,unknown_hx
hx2bea878a1f6ca0e3d5e955af6194936e2bcb69a2,1,0.00125,unknown_hx,0,0,unknown_hx
hx2c0a6837ae34a2725f90cb2a338de390f1a78765,1,0.00125,unknown_hx,0,0,unknown_hx
hx2c160c7e42bfee1492e60d21495dd6841eeba7b4,1,0.00125,unknown_hx,0,0,unknown_hx
hx2e0c99a1dc4db8c409ffafa7e9f6958c2e39559d,1,0.00125,unknown_hx,0,0,unknown_hx
hx2e6a339ef98c022dc42a03ec34ea418f96c11339,1,0.00125,unknown_hx,0,0,unknown_hx
hx2a41ace88274b8a4fc5b42afccea30533d071bdc,1,0.00125,unknown_hx,0,0,unknown_hx
hx2e733bcb95e5e443e5400711bafef21d89207917,1,0.00125,unknown_hx,0,0,unknown_hx
hx2e85f9d6eb78673073f681aca6c4cf117beb5a94,1,0.00125,unknown_hx,0,0,unknown_hx
hx2f19a5102388b1210de912f1ca440e7495d429e0,1,0.00125,unknown_hx,0,0,unknown_hx
hx2f2671022fd965c8c2e30c43451828d5987c38fb,1,0.00125,unknown_hx,0,0,unknown_hx
hx2f32b66e6f4276e649ae342702f7cc0be7c59baa,1,0.00125,unknown_hx,0,0,unknown_hx
hx2f5d3e764ce8e12353703119fe63fae129771940,1,0.00125,unknown_hx,0,0,unknown_hx
hx2fb6e7c51522a24f033e87a3a419d35622e0d970,1,0.00125,unknown_hx,0,0,unknown_hx
hx2ff6b099328ff407824965390c3c43634e272774,1,0.00125,unknown_hx,0,0,unknown_hx
hx307c01535bfd1fb86b3b309925ae6970680eb30d,1,0.00125,velic_hot,0,0,velic
hx30d5e3570af16ec0a1a639ab51b236b97676d260,1,0.00125,unknown_hx,0,0,unknown_hx
hx2a65561e3c22eee693e84b310e3e6ea39814c7ea,1,0.00125,unknown_hx,0,0,unknown_hx
hx296284522b2a4d957d75410f7cd0089b92377080,1,0.00125,unknown_hx,0,0,unknown_hx
hx227e81a8b6f5f646bfd035ea931c04e06dd3c1f5,1,0.00125,unknown_hx,0,0,unknown_hx
hx24c31831410a5ba68db08a2d30ca4b7909a6a64c,1,0.00125,unknown_hx,0,0,unknown_hx
hx22e29a1ca2b35baa540141a3e7e67cd63f29b4cc,1,0.00125,unknown_hx,0,0,unknown_hx
hx234953ebeeb88ec01816561cd74c6039b31f37b7,1,0.00125,unknown_hx,0,0,unknown_hx
hx23825327cfced4f88371a577f836a55ccf6167d8,1,0.00125,unknown_hx,0,0,unknown_hx
hx23edcaab3229177cfdaea84e16c5cec58f3e73a6,1,0.00125,unknown_hx,0,0,unknown_hx
hx24291312df5e3a8699bf90d8ab5f20b8269f83ab,1,0.00125,unknown_hx,0,0,unknown_hx
hx243af13c34a5247c782c8d615ccda53beaed9779,1,0.00125,unknown_hx,0,0,unknown_hx
hx24598bfeb0a38e74579ed7eef13a67166f57990c,1,0.00125,unknown_hx,0,0,unknown_hx
hx247e7c6b63c63d5b04c539373a0fbcffbdedd358,1,0.00125,unknown_hx,0,0,unknown_hx
hx2480c51182cc3c458d4d59cec4d3de44cc0c0fa0,1,0.00125,unknown_hx,0,0,unknown_hx
hx2480fdf78bf0263f529430c95939dfdbd33be280,1,0.00125,unknown_hx,0,0,unknown_hx
hx2502619d074800a26806e010103954896b129743,1,0.00125,unknown_hx,0,0,unknown_hx
hx2936d901a06b651dcaabdb428e8eeea456652873,1,0.00125,unknown_hx,0,0,unknown_hx
hx2548a0831b4c4334ad13c9dd3267d3b8ec754188,1,0.00125,unknown_hx,0,0,unknown_hx
hx255d9ffaeac74a2fbe3d2fca5fd2a56b44fe5161,1,0.00125,unknown_hx,0,0,unknown_hx
hx25bedcaaaca29b33c891fea52c0073628beb0b41,1,0.00125,unknown_hx,0,0,unknown_hx
hx25e20ce7142d07ca47c1765c7c932792160cdac2,1,0.00125,unknown_hx,0,0,unknown_hx
hx2607551abad3e02bc4758ffbca1bc1b69dd198e2,1,0.00125,unknown_hx,0,0,unknown_hx
hx26b3f52b1391b6f73d1fabca4c417178a7d9727e,1,0.00125,unknown_hx,0,0,unknown_hx
hx26e3bd3085a5ac8b6cbbc18698f06981486a79db,1,0.00125,unknown_hx,0,0,unknown_hx
hx28a57363ec852ad8152944004b3691e4d21054d6,1,0.00125,unknown_hx,0,0,unknown_hx
hx28ab19f2423f884ab46121358e8272cfe9449656,1,0.00125,unknown_hx,0,0,unknown_hx
hx28b2ad905d2e94a0ea41e8abf6e531d50b42d7d5,1,0.00125,unknown_hx,0,0,unknown_hx
hx316d309cf91ad3c3eaa158232f4f04d4e9956719,1,0.00125,unknown_hx,0,0,unknown_hx
hx317c98fabcd9a0dd500c3a55fa47dbb284c76ccd,1,0.00125,unknown_hx,0,0,unknown_hx
hx31ae82de1ee7a1d6d7e07cac123ea685e6bd7dbc,1,0.00125,unknown_hx,0,0,unknown_hx
hx3e76bdc0f2634f4d5bcf25ca27bb0895f81497ce,1,0.00125,unknown_hx,0,0,unknown_hx
hx3b6240fe93fd3e64979bef62a0d91cfc32f6f56b,1,0.00125,unknown_hx,0,0,unknown_hx
hx3c1ad51212115d5836ed4e3f97e0b5b449ac0c90,1,0.00125,unknown_hx,0,0,unknown_hx
hx3c36f984889a6320e292a86ea13c7d22ce62a939,1,0.00125,unknown_hx,0,0,unknown_hx
hx3cbe31583d89c3ac750f51ffd83196a7130f8494,1,0.00125,unknown_hx,0,0,unknown_hx
hx3d0fb1ee327fac027aac06c91ab390bf34860b02,1,0.00125,unknown_hx,0,0,unknown_hx
hx3d469ec0b5a60ae964ccfdb521ac16119bf1545f,1,0.00125,unknown_hx,0,0,unknown_hx
hx3d5c3ce7554f4d762f6396e53b2c5de07074ec39,1,0.00125,icondao,0,0,icondao
hx3d724a16ac5f1ec0e591f672aa70d5df748f029a,1,0.00125,unknown_hx,0,0,unknown_hx
hx3dc12e4acaf8f7496433c3a42faab0f0e2795038,1,0.00125,unknown_hx,0,0,unknown_hx
hx3e690c445caaaf76f3fe52c12038257745f4f41e,1,0.00125,unknown_hx,0,0,unknown_hx
hx3e7ef35bfb8d65023dc25e79d9f9652d645a9b4f,1,0.00125,unknown_hx,0,0,unknown_hx
hx33c95e9aa5559f6bddec80c26da0d00d074df44c,1,0.00125,unknown_hx,0,0,unknown_hx
hx3ea3dd1a75b0d7267ce5f8b171588eae2696c65f,1,0.00125,unknown_hx,0,0,unknown_hx
hx3ed870b2c6a723a8bc35ef4cff78e08c450bdf44,1,0.00125,unknown_hx,0,0,unknown_hx
hx4046b708269331fccb636a155d51b03c50208062,1,0.00125,unknown_hx,0,0,unknown_hx
hx41567e00d173212d5b585985a5e55271c0574b18,1,0.00125,unknown_hx,0,0,unknown_hx
hx42cab1efdaf2d26387a99314bcce3b0a95f71c59,1,0.00125,unknown_hx,0,0,unknown_hx
hx42f81d0e3baa5fec828bc3d99439e712f9b2dea1,1,0.00125,unknown_hx,0,0,unknown_hx
hx436bc802a86562e95c75b5f480323549df75759a,1,0.00125,unknown_hx,0,0,unknown_hx
hx43b0e50e33ab4aaf9fbd8af4fee3be5ee2804fbe,1,0.00125,unknown_hx,0,0,unknown_hx
hx43d9b927389eea9806e70655c2e13838aefeb08b,1,0.00125,unknown_hx,0,0,unknown_hx
hx449bb8d4b3a81f1a7229fb60a28b4c2b13f70cda,1,0.00125,unknown_hx,0,0,unknown_hx
hx3b58ffa399c2bb6096166ce05668eddc0763eccf,1,0.00125,unknown_hx,0,0,unknown_hx
hx3b2b67d9fe82fb754f57eca8e334e3f65972cdda,1,0.00125,unknown_hx,0,0,unknown_hx
hx3b15e7fd11c06d9d9b46a5f69c613f3f492dda09,1,0.00125,unknown_hx,0,0,unknown_hx
hx3a931a0e200f95a24949fcc33e4b49e602ed0ceb,1,0.00125,unknown_hx,0,0,unknown_hx
hx340bb40556a580e294487777a2122bfc238c9036,1,0.00125,unknown_hx,0,0,unknown_hx
hx341938d2f55502340f4491e7795043416a6e767c,1,0.00125,unknown_hx,0,0,unknown_hx
hx34551acd6012210500d59d098c740ae3a5febd55,1,0.00125,unknown_hx,0,0,unknown_hx
hx3476bdb8826c92d99c4437b6ffcc07bfb9bc8bd4,1,0.00125,unknown_hx,0,0,unknown_hx
hx3481e2c61e675dc191225957b1dbd002f3d4ecf1,1,0.00125,unknown_hx,0,0,unknown_hx
hx34b4fd0d56720001b33388f010b56f76b4fbb036,1,0.00125,unknown_hx,0,0,unknown_hx
hx351c1368f94d08ebfa1773e1744dee739478babf,1,0.00125,unknown_hx,0,0,unknown_hx
hx3564afd4b5ad510e0775bfb257b3123f527009c8,1,0.00125,unknown_hx,0,0,unknown_hx
hx35a3b588438fcc0ed37ea58b8d008e4e9db7d6a5,1,0.00125,unknown_hx,0,0,unknown_hx
hx35f43dc8fa3c36675fe1cf7f0af2a3ab3fa7f4bc,1,0.00125,unknown_hx,0,0,unknown_hx
hx374c3a871fa887d9ce973a6c3af69febc78b2893,1,0.00125,unknown_hx,0,0,unknown_hx
hx377d576873210278cfbfe635befa4a4537b08259,1,0.00125,unknown_hx,0,0,unknown_hx
hx380ccee6bf26adefe5abcd88f5e9b73d36770987,1,0.00125,unknown_hx,0,0,unknown_hx
hx38194e5b35bccdef68ca07417c2488f91e998846,1,0.00125,unknown_hx,0,0,unknown_hx
hx3830ac941c266086e13325d9368b0966919764f5,1,0.00125,unknown_hx,0,0,unknown_hx
hx383b6abc972c2bc758b0ea99615b5079017e25eb,1,0.00125,unknown_hx,0,0,unknown_hx
hx38511b13c4f4b89a4aedd9e6898dc364ef07c3af,1,0.00125,unknown_hx,0,0,unknown_hx
hx3868d988a2baa141a2b67c4d28863e45f306fb1f,1,0.00125,unknown_hx,0,0,unknown_hx
hx39561dea46ba941816f3a086e666ee6a14dab9cd,1,0.00125,unknown_hx,0,0,unknown_hx
hx395c4d9340b7d4f017dc8a221b8ddbcb7edda69b,1,0.00125,unknown_hx,0,0,unknown_hx
hx3a2448fa47dafa67c929622d519e4196313bb223,1,0.00125,unknown_hx,0,0,unknown_hx
hx228a41ec646c3fa818b1ba83703904757c449b50,1,0.00125,unknown_hx,0,0,unknown_hx
hx22745706f0f79426a9b4ad68f84731187866511b,1,0.00125,unknown_hx,0,0,unknown_hx
hx86c192f19f8beea829aa86d8e5e140e88fe3576f,1,0.00125,unknown_hx,0,0,unknown_hx
hx0bab1ae292555c443777a5154bbdd605fb8c81aa,1,0.00125,unknown_hx,0,0,unknown_hx
hx051ce8f5895e44648f4288e10873af6848bde95b,1,0.00125,unknown_hx,0,0,unknown_hx
hx051f50e8835413db423516062dcd58d251bbd02a,1,0.00125,unknown_hx,0,0,unknown_hx
hx063fa9b1924e85918b61751af5a7cb5f5cff371e,1,0.00125,unknown_hx,0,0,unknown_hx
hx0896b46c9ef4e1162e412c37a8f08e599f50137b,1,0.00125,unknown_hx,0,0,unknown_hx
hx096fb0929690f362b948165e8b22587888022890,1,0.00125,unknown_hx,0,0,unknown_hx
hx09b4650397503771cde120fe8b3fcc7a68d205dc,1,0.00125,unknown_hx,0,0,unknown_hx
hx0a3f01ff99dbc04c2558ca6ddde3091509bdb214,1,0.00125,unknown_hx,0,0,unknown_hx
hx0a4f5601c603892d56200a07d6acfe409c3c824b,1,0.00125,unknown_hx,0,0,unknown_hx
hx0b7d7f3e20d67f2d8c17928d40d5f134d6e0a2c3,1,0.00125,unknown_hx,0,0,unknown_hx
hx0b8731edd230db277397707c5c365cd543293c80,1,0.00125,unknown_hx,0,0,unknown_hx
hx0c1aa5fdcaab3169e7fa93c3f19f854ad1626b48,1,0.00125,unknown_hx,0,0,unknown_hx
hx04e0ca6df6a2e4edb1850d01c5489fd423c986ce,1,0.00125,unknown_hx,0,0,unknown_hx
hx0cc3f83d38fef684ac9ca3f46fb165f2427df0d3,1,0.00125,unknown_hx,0,0,unknown_hx
hx0cefca7bb1e9a49225a004bc4d720451cfaeea2e,1,0.00125,unknown_hx,0,0,unknown_hx
hx0d09fe3023ce21793dcf84464b6f5638737acb8e,1,0.00125,unknown_hx,0,0,unknown_hx
hx0e099da8a6c7ce014ed51d4ced5d51068a021a1a,1,0.00125,unknown_hx,0,0,unknown_hx
hx0e12fcad79c957d7a4c9a8eca0dbff881d7c70cd,1,0.00125,unknown_hx,0,0,unknown_hx
hx0e180ca05ddd8e7790beeffb162d957d5a1bbd5b,1,0.00125,unknown_hx,0,0,unknown_hx
hx0ea25d7ff0aaffb815660d1435e61da12cb4f2c8,1,0.00125,unknown_hx,0,0,unknown_hx
hx0eb93081723b02029ab9f26d28efc1903e9fb144,1,0.00125,unknown_hx,0,0,unknown_hx
hx0f1c73458d5dcab82732394858fd5ac3f986cff1,1,0.00125,unknown_hx,0,0,unknown_hx
hx0f613e70c715213015b99a5c82e8f4fd3b6f502f,1,0.00125,unknown_hx,0,0,unknown_hx
hx04fcca66643b1e172e5435ab22fb3ec98e921bd2,1,0.00125,unknown_hx,0,0,unknown_hx
hx049d8f933fadcf6bbf6f68afe91774397d85233b,1,0.00125,unknown_hx,0,0,unknown_hx
hx225ab332be4815a91fcc5f0b5787222de54fddd2,1,0.00125,unknown_hx,0,0,unknown_hx
hx021b63203d008336a7585c579861c39432a921f2,1,0.00125,unknown_hx,0,0,unknown_hx
cx44250a12074799e26fdeee75648ae47e2cc84219,1,24.42343,balanced_governance,0,0,Balanced
cx4511bed005ba44454cf7ed6e963bdeda551f54f6,1,0.00295125,CDT2,3,3,CDT2
cx537bd62a5fa6bc90a8d9a309e12fb061700f13c4,1,0.004556,uMETX,6,0,UP
cx640b7e57ccf9bb421a85de5e6ed94a0da9ceae71,1,0.00424025,uUP,6,0,UP
cx69bcdf1753472c1444188ec3f5188657e30c8322,1,0.002722,"broof - we prove, verify and love you.",0,0,"broof - we prove, verify and love you."
cx8578962cd136b3aea4009f3dfe643dcdaf6af1fa,1,0.003825,SicBo Revenue,5,5,ICONbet
cxcfe9d1f83fa871e903008471cca786662437e58d,1,0.0057735,balanced_bwt,8,0,Balanced
hx0088c89dc317fd46b7f24acbff8ea9ec9dacd073,1,0.00125,unknown_hx,0,0,unknown_hx
hx012dd9e42c644fc1f60835e5f6c30591f8674f3f,1,0.00125,unknown_hx,0,0,unknown_hx
hx018a0a2fc707a59b884e2c49c9c670b92aa86f99,1,0.00125,unknown_hx,0,0,unknown_hx
hx0239ef03a38ce07d888f32fa78d4ecf8fa34864c,1,0.00125,unknown_hx,0,0,unknown_hx
hx048875b10264839abd8ba1ed9cd08eb9763e92ab,1,0.00125,unknown_hx,0,0,unknown_hx
hx025443df1c7de35caa8adefbc56288ad8d2c48e3,1,0.00125,unknown_hx,0,0,unknown_hx
hx027c4aadf0ea4c72aca66862c53e5af1564b61e2,1,0.00125,unknown_hx,0,0,unknown_hx
hx0285bb0081918e089070375a261c78c7a44a70ba,1,0.00125,unknown_hx,0,0,unknown_hx
hx02e6bf5860b7d7744ec5050545d10d37c72ac2ef,1,0.00125,unknown_hx,0,0,unknown_hx
hx02ebb44247de11ab80ace2e3c25ebfbcffe4fa68,1,0.00125,"binance
sweeper_17",0,0,binance
hx0340d721c10bb60cbfa28e0719befe0b96b4bbca,1,0.00125,unknown_hx,0,0,unknown_hx
hx037b42a781a13c49e4ba9dc044bd59e89178b645,1,0.00125,unknown_hx,0,0,unknown_hx
hx03855e43388c4906b51206884510a40295fca31d,1,0.00125,unknown_hx,0,0,unknown_hx
hx03d51ecf2fe6bbb2f03bec833085eeb2d268d134,1,0.00125,unknown_hx,0,0,unknown_hx
hx03f70a70dcab7eb4b914d0f1a512860dc5e273dd,1,0.00125,unknown_hx,0,0,unknown_hx
hx0f77f8c6d54396b26915aaaf30d6d16e14061b05,1,0.00125,unknown_hx,0,0,unknown_hx
hx10575a9a1b6b9516c5254abbef82f1924f01ecac,1,0.00125,unknown_hx,0,0,unknown_hx
hx1082ac4e81104c44d646b2e592aff46e24bc2882,1,0.00125,unknown_hx,0,0,unknown_hx
hx1df7e5dd6b11a4e5be0d7f36a87da052e9de726c,1,0.00125,unknown_hx,0,0,unknown_hx
hx19fb19f2f784525bcb74cd9b3a5fc2a8d8c9cd72,1,0.00125,unknown_hx,0,0,unknown_hx
hx1abbc5beb2978b94c7bc32a818889dd9e6bf2f79,1,0.00125,unknown_hx,0,0,unknown_hx
hx1abe9f997b059ef95e4245b177d4cc074f7e00fe,1,0.00125,unknown_hx,0,0,unknown_hx
hx1c8a3986fd4aa5a78a9443ff6fadf0ba53a02e94,1,0.00125,unknown_hx,0,0,unknown_hx
hx1cef04d617b2dd081948979ff2529ec01782fb6c,1,0.00125,unknown_hx,0,0,unknown_hx
hx1d0bbb0557958d6a3e5887cd5129574b8ac7bdfd,1,0.00125,unknown_hx,0,0,unknown_hx
hx1d5fd0531d87142053524e84b1a0358c947bb510,1,0.00125,unknown_hx,0,0,unknown_hx
hx1dc395d8855eb38082640508d1c4fdcabd8c5059,1,0.00125,unknown_hx,0,0,unknown_hx
hx1dd2b9cc8d0addef6a6c349fcb03d6e6cb74e6a4,1,0.00125,unknown_hx,0,0,unknown_hx
hx1dec8d738403edc647a5741c22ae533a1ced3be2,1,0.00125,unknown_hx,0,0,unknown_hx
hx1e03f39c4e9a32f1d13b33ec97ef3aa07ffa8aa6,1,0.00125,unknown_hx,0,0,unknown_hx
hx115b0a733a1f87c660adf5317062bb379c8e18c9,1,0.00125,unknown_hx,0,0,unknown_hx
hx1e7bb2664b10af3c31a38f9f98c45afcdd227f5f,1,0.00125,unknown_hx,0,0,unknown_hx
hx1e95ca8dd72e21aabf902f6cdea6f31e85a3cde4,1,0.00125,unknown_hx,0,0,unknown_hx
hx1ed2bfe1a35052ba2d2325e158b7e09a7d042d8b,1,0.00125,unknown_hx,0,0,unknown_hx
hx1f3c2890efa0ec62baefb9f8c76595ebc51ef95a,1,0.00125,unknown_hx,0,0,unknown_hx
hx1f72237a939cf7320867831ac7efe59a41bfe6e1,1,0.00125,unknown_hx,0,0,unknown_hx
hx1f98caff4784d235219af8db886f478c0c64e45b,1,0.00125,unknown_hx,0,0,unknown_hx
hx1fc519bb1c6c870218bd9520db08ab98e07ecd9c,1,0.00125,unknown_hx,0,0,unknown_hx
hx1ff2489dad878faf429312e5aa24bf24c33a7b98,1,0.00125,unknown_hx,0,0,unknown_hx
hx21320af774b0bd519ea4e596b48a202ae7427c49,1,0.00125,unknown_hx,0,0,unknown_hx
hx2198b64f079b4516ea89508a48baed952ca440e7,1,0.00125,unknown_hx,0,0,unknown_hx
hx199aa325c01366838663039fb64b180d40c9747e,1,0.00125,unknown_hx,0,0,unknown_hx
hx197f1280c480a060183cccdf19d9d27c1a0344b6,1,0.00125,unknown_hx,0,0,unknown_hx
hx18e98fead818903eccee01a3dccf5d4b54c42729,1,0.00125,unknown_hx,0,0,unknown_hx
hx18b1387e7f838c5ba763251b6c45d5e31c3527ab,1,0.00125,unknown_hx,0,0,unknown_hx
hx11796aebbdceacf4d4846e522051159e4e29ff01,1,0.00125,unknown_hx,0,0,unknown_hx
hx11d904634ec941f206711a05d223e8cc952ead0e,1,0.00125,unknown_hx,0,0,unknown_hx
hx11e4720f9bf395dd680c7575a38b993f44c5fced,1,0.00125,unknown_hx,0,0,unknown_hx
hx11fb52acc7ba75a3d3bf24222120c8183b6767df,1,0.00125,unknown_hx,0,0,unknown_hx
hx1276fa471641c690fa4479c80bcad981086383be,1,0.00125,unknown_hx,0,0,unknown_hx
hx129d70cd59237d41ac8279a6ce740bc9ae024150,1,0.00125,unknown_hx,0,0,unknown_hx
hx12f21194b761839cfb654f9d03c3d47d2d74c816,1,0.00125,unknown_hx,0,0,unknown_hx
hx1388d035ca338489cc02ee2d700591b397cbe521,1,0.00125,unknown_hx,0,0,unknown_hx
hx13b8927149154ea4b996eb95de4c7eb1d6d14a4e,1,0.00125,unknown_hx,0,0,unknown_hx
hx148782df8c375cc2f647308cf319705736e4b9e7,1,0.00125,unknown_hx,0,0,unknown_hx
hx14967080171d3587758409568d530c1e76301269,1,0.00125,unknown_hx,0,0,unknown_hx
hx14aae33652dfdf52bcac550dd5d3c1575ca15f42,1,0.00125,unknown_hx,0,0,unknown_hx
hx14e0b7a9b8b64c8ca2b2a38e5092871ba8bec511,1,0.00125,unknown_hx,0,0,unknown_hx
hx152c3b4d7f217683a9da8adc1dc45dbc4f896a7b,1,0.00125,unknown_hx,0,0,unknown_hx
hx15360f2a3d55b6dbd61079877d49474b0dbe6a08,1,0.00125,unknown_hx,0,0,unknown_hx
hx1603890e8b04873310ebfdb9b7c3454940cd9c95,1,0.00125,unknown_hx,0,0,unknown_hx
hx160f5938b2989261ab72e6009aa551cb34a23cdc,1,0.00125,unknown_hx,0,0,unknown_hx
hx16dfcd5cc83adeb82f5c04ae87e050cada351802,1,0.00125,unknown_hx,0,0,unknown_hx
hx1750e18dcad68ec0a51651c2ac86410328e571cc,1,0.00125,unknown_hx,0,0,unknown_hx
hx1849ad143136898a52c9fac940827e91499fbb4e,1,0.00125,unknown_hx,0,0,unknown_hx
hx1867b21b6599da6fbdae585d0d307ae9faf755ee,1,0.00125,unknown_hx,0,0,unknown_hx
hx44d2798cd8f8daa31ce309f0050453bab555c69d,1,0.00125,unknown_hx,0,0,unknown_hx
hx44e15678a0f8c0a8e97da8bb2144c43eac44df89,1,0.00125,unknown_hx,0,0,unknown_hx
hx451245779d1f633da3c3ab3dc6bf9e5debb1147d,1,0.00125,unknown_hx,0,0,unknown_hx
hx73501641cdc443908d78e419fb5556a8a8b03ab7,1,0.00125,unknown_hx,0,0,unknown_hx
hx6c34d14dcbedf66481303a2521c98749a520c1e8,1,0.00125,unknown_hx,0,0,unknown_hx
hx6c69f7c07e11a89ea0a225dcfc3f64e6e211957f,1,0.00125,unknown_hx,0,0,unknown_hx
hx6d1a262fefca9a29f93bce4a3b9f3eff4e6cd07c,1,0.00125,unknown_hx,0,0,unknown_hx
hx6d88530301768c786a289a60340405d51dcf2b78,1,0.00125,unknown_hx,0,0,unknown_hx
hx6ee6d1e3d91dcda993cdc5685912594ad3e376db,1,0.00125,unknown_hx,0,0,unknown_hx
hx6efa034a25de9903eda6562abef9504abc160cd2,1,0.00125,unknown_hx,0,0,unknown_hx
hx70f4ceead814f0e2518d628e5f41b2502de368fd,1,0.00125,unknown_hx,0,0,unknown_hx
hx7128611fef60b4ee183d4b5be9c338a46b338f18,1,0.00125,unknown_hx,0,0,unknown_hx
hx7241cbb05b67c6d0dc75f8a34573ed7ff248b0d8,1,0.00125,unknown_hx,0,0,unknown_hx
hx724b6225f36b27d59403562a30d4cf474ee36d24,1,0.00125,unknown_hx,0,0,unknown_hx
hx737f46ee801db9b89f61f17501cefaf12e52d3a6,1,0.00125,unknown_hx,0,0,unknown_hx
hx6b737dce2f02e997577020e5175c5f2110c27d40,1,0.00125,unknown_hx,0,0,unknown_hx
hx73bb2948a6b8c5e504fc30e47ae4a1af8c04f8d7,1,0.00125,unknown_hx,0,0,unknown_hx
hx742f18d19665efaed515c2a2ac218f4080014dac,1,0.00125,unknown_hx,0,0,unknown_hx
hx744e17a012909d770186539e5302aedd28e3ddb1,1,0.00125,unknown_hx,0,0,unknown_hx
hx74624bf4c67604485060f46376455c95365e050b,1,0.00125,unknown_hx,0,0,unknown_hx
hx74731d0c5a44659d407ca37bdd6e80464b5523b8,1,0.00125,unknown_hx,0,0,unknown_hx
hx7508462699238619df69c937ef25e8af2aa876b4,1,0.00125,unknown_hx,0,0,unknown_hx
hx76189cf1701aef223053b6b27629247f885b1758,1,0.00125,unknown_hx,0,0,unknown_hx
hx765ece8d6e10ea84427047087d9210437d130559,1,0.00125,unknown_hx,0,0,unknown_hx
hx7670f7cbbb69720a06287bcbc887f90a52d59284,1,0.00125,unknown_hx,0,0,unknown_hx
hx771ca81e55b6a50cba4561081ff3a8243ff11bcf,1,0.00125,unknown_hx,0,0,unknown_hx
hx6c12b2b82b7e8eab5e15df6c69dc211ed332ad3d,1,0.00125,unknown_hx,0,0,unknown_hx
hx6b636f8220ab1543614b77c822286e835e8762f7,1,0.00125,unknown_hx,0,0,unknown_hx
hx458a290ea0d2cc250f3469c368756e9a12fa112b,1,0.00125,unknown_hx,0,0,unknown_hx
hx67fd563e2d3fd37753dc05b8d8de1a91d6e11666,1,0.00125,unknown_hx,0,0,unknown_hx
hx62a41f28fc16ccbb3215081be61059a9ace6cebe,1,0.00125,unknown_hx,0,0,unknown_hx
hx647ca9eed4909e1f1283bafc6fd5ece54f112909,1,0.00125,unknown_hx,0,0,unknown_hx
hx64bae675425ec39c160ab62e18549e74b5585104,1,0.00125,unknown_hx,0,0,unknown_hx
hx64d7b9af99dc493a06949005e87ce6268ac8e4fe,1,0.00125,unknown_hx,0,0,unknown_hx
hx659cabe9e543c9b6b54a1ccd2d4675a25534d238,1,0.00125,unknown_hx,0,0,unknown_hx
hx65a8839d64d859787c030d69e6770aaa259da6b4,1,0.00125,unknown_hx,0,0,unknown_hx
hx65b92e8e4ab29fc1a383b02d25d98e930ab0b53f,1,0.00125,unknown_hx,0,0,unknown_hx
hx662e4454d2b0cd78b17a49883cd2ab44e2a87dc3,1,0.00125,unknown_hx,0,0,unknown_hx
hx66c465df07dc7b39de1b4c6a87ad35311a7e39ab,1,0.00125,unknown_hx,0,0,unknown_hx
hx66c8c1e5b3eb32620a667880d6c5617ece9c5c6c,1,0.00125,unknown_hx,0,0,unknown_hx
hx68a26721bba570bad72d9fc4af87a2b6bcd0c281,1,0.00125,unknown_hx,0,0,unknown_hx
hx6b61ed3e5d321f1224f982065b863c8ec3059bda,1,0.00125,unknown_hx,0,0,unknown_hx
hx68a68849f69a369c15368a1d6a872e0c48291c93,1,0.00125,unknown_hx,0,0,unknown_hx
hx68c9a74f3591995439294a4fdced7ee7396b8fbf,1,0.00125,unknown_hx,0,0,unknown_hx
hx68cd4dc7cb35514a58e01ce2326b6f46d37d2a40,1,0.00125,unknown_hx,0,0,unknown_hx
hx6916e0ba7c6fd554091441ba335f3a5a154048b2,1,0.00125,unknown_hx,0,0,unknown_hx
hx695a6393df22459fa213fbed9f94d2831f4f90fc,1,0.00125,unknown_hx,0,0,unknown_hx
hx69a2ee57263aaa8e8fe59f5de15ccd48a36b1335,1,0.00125,unknown_hx,0,0,unknown_hx
hx69c77a5245383683a9561bf32581cc0524e298a2,1,0.00125,unknown_hx,0,0,unknown_hx
hx6a0ac6ef5a5b4c01731df5f2962ae83c911aed54,1,0.00125,unknown_hx,0,0,unknown_hx
hx6a4ee1370e855e5bc8cd5c4ceacdd2fa1e711100,1,0.00125,unknown_hx,0,0,unknown_hx
hx6b3beafc24eee30d297c89bbb8e137de58265f22,1,0.00125,unknown_hx,0,0,unknown_hx
hx776096ebc4819634e9aeb595c41f9608d4361e8d,1,0.00125,unknown_hx,0,0,unknown_hx
hx77bcf0417946b4ddbd600ad3d75e2a4b714e17fa,1,0.00125,unknown_hx,0,0,unknown_hx
hx77be19bb3f8525971cab2286d6d6c2691aa11040,1,0.00125,unknown_hx,0,0,unknown_hx
hx832ab349f5d065b88f559e2163590ba1492b705b,1,0.00125,unknown_hx,0,0,unknown_hx
hx7ed56b4b919162656c8f0ef33f118cfd64fb8326,1,0.00125,unknown_hx,0,0,unknown_hx
hx7efda54a95f17da360215e9a5c9e18cc0e4dc38b,1,0.00127,unknown_hx,0,0,unknown_hx
hx7fda1be7ad158bb1f0454107d4663170d0ada92b,1,0.00125,unknown_hx,0,0,unknown_hx
hx806da31dc575886d22831890abae3011d19e5a5e,1,0.00125,unknown_hx,0,0,unknown_hx
hx81864f0cbcaa7db8e442d43d9d1d548275e04436,1,0.00125,unknown_hx,0,0,unknown_hx
hx821ea9b0b39e245b87553365dc849f26cef6864f,1,0.00125,unknown_hx,0,0,unknown_hx
hx823e9f62687f359573c7ec6a32b09ae71bc336e5,1,0.00125,unknown_hx,0,0,unknown_hx
hx8286c0493d08d27f739035294a6b5c47d23d68de,1,0.00125,unknown_hx,0,0,unknown_hx
hx82dc523698fad1edc942c98885a6b655a064a5bd,1,0.00125,unknown_hx,0,0,unknown_hx
hx830ff6b121a4945dcc92100599ef14150c51dcd9,1,0.00125,unknown_hx,0,0,unknown_hx
hx8334e4a11dc575807154e0417dce1e6f75321e7f,1,0.00125,unknown_hx,0,0,unknown_hx
hx77fab3fff3926421ed91b7a0f2d4222f7d7e1980,1,0.00125,unknown_hx,0,0,unknown_hx
hx83aeea3990f00f6f8ad46ab4b4f86a5292012f9e,1,0.00125,unknown_hx,0,0,unknown_hx
hx846193a2016b30e04e6bc8fb22cd53758772fb1b,1,0.00125,unknown_hx,0,0,unknown_hx
hx848b3e49465b66762c7b4121869a6e770560d9b1,1,0.00125,unknown_hx,0,0,unknown_hx
hx85532472e789802a943bd34a8aeb86668bc23265,1,0.00125,unkEx_c1,0,0,unkEx_c
hx858bafe7a7b4423c05d95bda2b2a4f33dac1cc97,1,0.00125,unknown_hx,0,0,unknown_hx
hx85b092a1a97c0a9a8a43a3ea847015df9bb11dd7,1,0.00125,unknown_hx,0,0,unknown_hx
hx85b59cee2d36f4ba30c17c979506c0b0d175f3d0,1,0.00125,unknown_hx,0,0,unknown_hx
hx86074f8095358c0bd1ce352c411b0cb0effa0424,1,0.00125,unknown_hx,0,0,unknown_hx
hx865d56a26ddadb33ac7953eb9b523f3b28e11d89,1,0.00125,unknown_hx,0,0,unknown_hx
hx866ed67f9ab56b2fc02353b9e732617cddb8d01c,1,0.00125,unknown_hx,0,0,unknown_hx
hx7e6b835035a732f5264b57761408a50fa30e1f6f,1,0.00125,unknown_hx,0,0,unknown_hx
hx7e3e3955a43ac6718bac25d5d7f7d2d3bd373b8f,1,0.00125,unknown_hx,0,0,unknown_hx
hx7d8b19bca9a8160e1e1bb582c7f7fd64400f2f1e,1,0.00125,unknown_hx,0,0,unknown_hx
hx7d7cabc1229d5b2fcd3ed8d051e16d309f3374a7,1,0.00125,unknown_hx,0,0,unknown_hx
hx783b67814c1c0f3f5123be2c73fd68595c926e34,1,0.00125,unknown_hx,0,0,unknown_hx
hx7874fe8d0ea7188cc6afae93cdf5ae366faa20d4,1,0.00125,unknown_hx,0,0,unknown_hx
hx78806e2453787c4d9b7a84cb04be89bfa6177786,1,0.00125,unknown_hx,0,0,unknown_hx
hx789e4f02c94614c19b2f1b3483085ff2b9273557,1,0.00125,unknown_hx,0,0,unknown_hx
hx79902784bee3c577496a27797af56caa90ad310e,1,0.00125,unknown_hx,0,0,unknown_hx
hx79afeb61634b042550914724e6bccdbc04c9507d,1,0.00125,unknown_hx,0,0,unknown_hx
hx79f1127a17747fb08163153b8cfdf24049936342,1,0.00125,unknown_hx,0,0,unknown_hx
hx79fe76b1a036c944a5ed7a051c8f19c9d6067761,1,0.00125,unknown_hx,0,0,unknown_hx
hx7a727e6a7523092dbe6a9bce4fc7b0b3a1e9c8c3,1,0.00125,unknown_hx,0,0,unknown_hx
hx7b1ed976b049a1bd4e123ad2aabffd9e1a583b33,1,0.00125,unknown_hx,0,0,unknown_hx
hx7b3f3cfd11fdd06cccb89876887755d215c6effa,1,0.00125,unknown_hx,0,0,unknown_hx
hx7b8825cf3869d953290b9868c00d87adc7547447,1,0.00125,unknown_hx,0,0,unknown_hx
hx7bf3eaa3827f2f00c5c69bc38bfeed2e128cf5e9,1,0.00125,unknown_hx,0,0,unknown_hx
hx7bf415ca7ac7ce786e3911f25b1ebf19e8533eaf,1,0.00125,unknown_hx,0,0,unknown_hx
hx7c1428ce9e0b4c414b0b8c4b62c0cff1f73cd8ec,1,0.00125,unknown_hx,0,0,unknown_hx
hx7c903202e44bdb63e8ee1b17b0f8d9514e72c16a,1,0.00125,unknown_hx,0,0,unknown_hx
hx7c995168c502d776c800229b7cad08bbe059db76,1,0.00125,unknown_hx,0,0,unknown_hx
hx7c9b1457cce20f7a0c48b5e3aa2374484f551d3c,1,0.00125,unknown_hx,0,0,unknown_hx
hx7c9bbb82a91419ce3061c7692ad7de2aa57b9ada,1,0.00125,unknown_hx,0,0,unknown_hx
hx7d0c653b881a799c7dd59c36e121d17db9950d92,1,0.00125,unknown_hx,0,0,unknown_hx
hx7d636e6275a8f8d0c81d92043b9470feff924d70,1,0.00125,unknown_hx,0,0,unknown_hx
hx6297205b0ea3419e723d3ea15c9eaf4b6aa46518,1,0.00125,unknown_hx,0,0,unknown_hx
hx62207d1640bf8e1fefe9bcfe64366cbbd7ce3330,1,0.00125,unknown_hx,0,0,unknown_hx
hx61ff1652c6aa2b299bf0ba41b337b5fd6f82cbd5,1,0.00125,unknown_hx,0,0,unknown_hx
hx521feafb91381ff8af32b1aabab0c8148ce11a72,1,0.00125,unknown_hx,0,0,unknown_hx
hx4f2c81a38a650c5e4032840a5a99ce1b21ecd9a0,1,0.00125,unknown_hx,0,0,unknown_hx
hx4f61dd36b536fe014ec040e69d38b9b4c1c3699c,1,0.00125,unknown_hx,0,0,unknown_hx
hx4fad00d6c79bb2ee5fb65746bf29dfecb8bed282,1,0.00125,unknown_hx,0,0,unknown_hx
hx5008d58e99fed21d0b99e4592e1e5940f5a0c340,1,0.00125,unknown_hx,0,0,unknown_hx
hx5056d9649d1ceca4ede2cb16f197e58f220585d5,1,0.00125,unknown_hx,0,0,unknown_hx
hx51074455bce1fd077087750c8705f69f0c3eb4d2,1,0.00125,unknown_hx,0,0,unknown_hx
hx51755983bed97b55dc1f64da42b9ad7350295642,1,0.00125,unknown_hx,0,0,unknown_hx
hx518f743c664c74fd1d34d12c00c48d4bed95423b,1,0.00125,unknown_hx,0,0,unknown_hx
hx51af11afd76a623d4883d75409af9afde6151e9c,1,0.00125,unknown_hx,0,0,unknown_hx
hx5207ba2cf3d9d44d9d7b5e054fb28a4f3e90383f,1,0.00125,unknown_hx,0,0,unknown_hx
hx525d4c4afdb214cbd5d5b695c0e15d5a179b41b9,1,0.00125,unknown_hx,0,0,unknown_hx
hx54c989af3d636b071b767d2dd2e24c78d1b2ff6c,1,0.00125,unknown_hx,0,0,unknown_hx
hx52a3d68d9f883652cfb443f44d833b8617363d44,1,0.00125,unknown_hx,0,0,unknown_hx
hx52d70e1674c4f3b0e0a9f768c55c614777bd11b9,1,0.00125,unknown_hx,0,0,unknown_hx
hx52dfda3f0c61f5b289d9ac27d63d8556b378df3a,1,0.00125,unknown_hx,0,0,unknown_hx
hx532fdbaa9f9a97b60795abc70f3204c8afe640de,1,0.00125,unknown_hx,0,0,unknown_hx
hx53519ca87be7c85ae8f25eee72e399e0598e5a4d,1,0.00125,unknown_hx,0,0,unknown_hx
hx538de7e0fc0d312aa82549aa9e4daecc7fabcce9,1,0.00125,"binance
sweeper_07",0,0,binance
hx53ea40ddc94e5105ccada103f1f351c25767d4d8,1,0.00125,unknown_hx,0,0,unknown_hx
hx54695ce3bef72768a05aab4d817a329b7b2f1cd7,1,0.00125,unknown_hx,0,0,unknown_hx
hx548ad28ef8d6caed7f27f6001fb7a654ad8cca40,1,0.00125,unknown_hx,0,0,unknown_hx
hx549c59d4b2bbd4ce7bf3f5d59491b899b199c65d,1,0.00125,unknown_hx,0,0,unknown_hx
hx4ecf40ccbc51e1f2a3d21a8bda45414add51fd73,1,0.00125,unknown_hx,0,0,unknown_hx
hx4e29d21ff1d8eb04fdeb51609bb7b636b8332d6a,1,0.00125,unknown_hx,0,0,unknown_hx
hx4dc801c75b366401842b2792f28791d8bf668b81,1,0.00125,unknown_hx,0,0,unknown_hx
hx4d412ec35b11e7ddf67026180bd2870e8bf9ae3a,1,0.00125,unknown_hx,0,0,unknown_hx
hx46824e13eeb2212a1a855cade9c1a393115e19b1,1,0.00125,unknown_hx,0,0,unknown_hx
hx46ab05f8de1931dbafaadd031559a3ffbabda865,1,0.00125,unknown_hx,0,0,unknown_hx
hx46c3e87ded8819481e3ad3a3a834a8b84c3c07d3,1,0.00125,unknown_hx,0,0,unknown_hx
hx46cb136987d3dd156340df0ab805f17a6b1d1433,1,0.00125,unknown_hx,0,0,unknown_hx
hx46fb18c8b15c67e31f09e15215469fe5fb4bb052,1,0.00125,unknown_hx,0,0,unknown_hx
hx476a7f90035b68f5a269e7e578f4ad4009de3145,1,0.00125,unknown_hx,0,0,unknown_hx
hx478cb5b53bddf730ae2d8260e0b22a7503fb8273,1,0.00125,unknown_hx,0,0,unknown_hx
hx47e27b835af4b20622d0e99702a2c0c10b6b5db4,1,0.00125,unknown_hx,0,0,unknown_hx
hx47f127399425a231f7bef0b32af0e53c8a15549b,1,0.00125,unknown_hx,0,0,unknown_hx
hx480ad47d76da8a5907110c28c96a8dcd7dbe9607,1,0.00125,unknown_hx,0,0,unknown_hx
hx487a7c0db253356beab0e873de9b0e9f89958557,1,0.00125,unknown_hx,0,0,unknown_hx
hx488771cf7e78dcd0eb9ed60c15d1906f5b728d69,1,0.00125,unknown_hx,0,0,unknown_hx
hx490d07db02a6e064d8dc82d377f24ccc3b312372,1,0.00125,unknown_hx,0,0,unknown_hx
hx49132b4d00ab680231b53f52b6a3ba271cc6e5fa,1,0.00125,unknown_hx,0,0,unknown_hx
hx49c887356b5a11df2e2d368898cc654aefab0c7e,1,0.00125,unknown_hx,0,0,unknown_hx
hx4a01996877ac535a63e0107c926fb60f1d33c532,1,0.00125,upbit_hot3,0,0,upbit
hx4abec2e525c34b954bd65f8d6974d93da76a49e9,1,0.00125,unknown_hx,0,0,unknown_hx
hx4bed5cef31173fde1f7c2af92a9577a419de8b1b,1,0.00125,unknown_hx,0,0,unknown_hx
hx4befda3d2953f5866681da394d9f69c9c00ab969,1,0.00125,unknown_hx,0,0,unknown_hx
hx4c42e8fd25b07ac0512ced477223ac8eed08e80d,1,0.00125,unknown_hx,0,0,unknown_hx
hx4c73cc0676839aba3464897bbd8ae4da0819e21e,1,0.00125,unknown_hx,0,0,unknown_hx
hx54b45257d7416a66cc5d89a1c4eac59d732e695a,1,0.00125,unknown_hx,0,0,unknown_hx
hx54e7e13bbd94891d3d98a2bb1398b309606bcb5b,1,0.00125,unknown_hx,0,0,unknown_hx
hx61e31c219fdfe8829734a6dd394e1d5c1aafab90,1,0.00125,unknown_hx,0,0,unknown_hx
hx5e2908097689627b16532de3047fc61bc8ee726c,1,0.00125,unknown_hx,0,0,unknown_hx
hx5af8bd1b5cdc321a53ead7a836601ce8e2c938c9,1,0.00125,unknown_hx,0,0,unknown_hx
hx5b12f14e30921fea50d6224ef46e946c8db95c31,1,0.00125,unknown_hx,0,0,unknown_hx
hx5b4aa412474edce7bf50966c3ae6dcb4e15120a6,1,0.00125,unknown_hx,0,0,unknown_hx
hx5b8b58fb7909375bc58cdff4dd616af58b8a9e7e,1,0.00125,unknown_hx,0,0,unknown_hx
hx5bb5c13b25dd743c68686676484573d00feccb66,1,0.00125,unknown_hx,0,0,unknown_hx
hx5bc6bb61625523dbc9b20275a19fa4fc60e3ee22,1,0.00125,unknown_hx,0,0,unknown_hx
hx5bd05e11082bcac4708b9314070b940e57f13596,1,0.00125,unknown_hx,0,0,unknown_hx
hx5c0b64c7d50fbc842c0248a201a8eed04b7724d0,1,0.00125,unknown_hx,0,0,unknown_hx
hx5c8d710c3e2e989fe9a06991d0b4651ee2edd0dc,1,0.00125,unknown_hx,0,0,unknown_hx
hx5cf724ecf85751c452551671cae7933fc908b3ea,1,0.00125,unknown_hx,0,0,unknown_hx
hx5f2aa2466a7b5fc3bb3174b4a9de2fb967b95ce6,1,0.00125,unknown_hx,0,0,unknown_hx
hx550074c6a1f89999ca6503906883e458fc3f7671,1,0.00125,unknown_hx,0,0,unknown_hx
hx5f62bdcab141e0563372f204f6b74f2a3bbfd8a0,1,0.00125,unknown_hx,0,0,unknown_hx
hx5f8058e926685989563ee273d8bf6cee2f487b24,1,0.00125,unknown_hx,0,0,unknown_hx
hx5f9b2b719ad9ef97bae2d16271d42173e7d675a1,1,0.00125,unknown_hx,0,0,unknown_hx
hx5fddfb9b5f1e0ff8e0276d848132fc48d109d062,1,0.00125,unknown_hx,0,0,unknown_hx
hx607b0b730336971c6ca9002cf55a145bd4615486,1,0.00125,unknown_hx,0,0,unknown_hx
hx609bb86581111d3118c3721d147be25d8855c565,1,0.00125,unknown_hx,0,0,unknown_hx
hx60a022787aa69ecfba28941165e03bff40567352,1,0.00125,unknown_hx,0,0,unknown_hx
hx60c73f68e7c290a60bd30763007fffd5931e92a6,1,0.00125,unknown_hx,0,0,unknown_hx
hx6131557fb707d8003e5f114ab0c49d8e859e05bc,1,0.00125,unknown_hx,0,0,unknown_hx
hx61959181f6940626b3f0edf8697aa9598f42b21e,1,0.00125,unknown_hx,0,0,unknown_hx
hx5ab434a954e6a9b81f1d8f4e77755dbdb456cc1a,1,0.00125,unknown_hx,0,0,unknown_hx
hx5aa4900b61166e65ae88e3a0a4ced09490940dbd,1,0.00125,unknown_hx,0,0,unknown_hx
hx5a764c907a70afa9c7ee90f29ec5b20428a4e1fc,1,0.00125,unknown_hx,0,0,unknown_hx
hx5a27f5106444cf6ccd5dc0af3c50bc0d673d5584,1,0.00125,unknown_hx,0,0,unknown_hx
hx55143b8eb746cf4d1f078e054522aa192fec59cc,1,0.00125,unknown_hx,0,0,unknown_hx
hx5597fcb194a3c461991c8837f066de721241a594,1,0.00125,unknown_hx,0,0,unknown_hx
hx55f4628dd3d5521781a3f68a3793799828c7690b,1,0.00125,unknown_hx,0,0,unknown_hx
hx5613a4e5477b64ee3757cf45a87387ac8760d797,1,0.00125,unknown_hx,0,0,unknown_hx
hx561dbe7b7c0ce2eb598c6dbd2584310e7aeddc33,1,0.00125,unknown_hx,0,0,unknown_hx
hx565b852b2c6dfd7b0f01164886817ec7a74f190d,1,0.00125,unknown_hx,0,0,unknown_hx
hx566c81e94360eedc4551707b42dfd87bbc603712,1,0.00125,unknown_hx,0,0,unknown_hx
hx56816b6fb70358cd5961755dd7eff42fbd7c1869,1,0.00125,unknown_hx,0,0,unknown_hx
hx56e1ce292dc2f72cf324ea3f1f33e54b611abc4f,1,0.00125,unknown_hx,0,0,unknown_hx
hx56ef2fa4ebd736c5565967197194da14d3af88ca,1,0.00125,"binance
sweeper_04",0,0,binance
hx574a27de1d77fa3943f206f9f686e0a49d498ef7,1,0.00125,unknown_hx,0,0,unknown_hx
hx575ffeaa9f508619808f5a66d8c67c2ad44c36ca,1,0.00125,unknown_hx,0,0,unknown_hx
hx57de9b6e2c2262ac53f2e9eb74601c77a8d295ac,1,0.00125,unknown_hx,0,0,unknown_hx
hx58511e68a8f2a4044f732c47946e9cb10e4fe89b,1,0.00125,unknown_hx,0,0,unknown_hx
hx58b7a283ac31cffe64ef9bef9f37c96c3bbb148e,1,0.00125,unknown_hx,0,0,unknown_hx
hx5994684358810552bdec4d2ec1609bda2f0b2cf1,1,0.00125,unknown_hx,0,0,unknown_hx
hx59a22d10f97852a68320c100d1cb106e55211915,1,0.00125,unknown_hx,0,0,unknown_hx
hx59c48d1fb9624deb46dc146761202c2d0afaccf1,1,0.00125,unknown_hx,0,0,unknown_hx
hx59ccaba769a45768e5f95e209d3885ed1736d977,1,0.00125,unknown_hx,0,0,unknown_hx
hx5a0648dc1a29f7cc786cb9969ea11a32d7008d7a,1,0.00125,unknown_hx,0,0,unknown_hx
hx5a15404644e3f2f5b493f73f6911012718052ddf,1,0.00125,unknown_hx,0,0,unknown_hx
hxffe36aa4c3f7031f0e58d774141e7c8476b2ae6c,1,0.00125,unknown_hx,0,0,unknown_hx
