address,bonded,city,country,delegated,details,email,grade,irep,irepUpdateBlockHeight,lastHeight,name,nodeAddress,p2pEndpoint,penalty,power,status,totalBlocks,validatedBlocks,website,delegation,bond,prep_type,rank
hx0b047c751658f7ce1b2595da34d57a0e7dad357d,0x1a784379d99db42000000,Zug,CHE,0x1ebdc02f001226ec3aaa12,https://cdn.icon.foundation/details/details.json,hello@icon.foundation,0,14000.0,19566264,67717925,ICON Foundation,hx9c63f73d3c564a54d0eed84f90718b1ebed16f09,18.176.121.232:7100,0,39163847.01529027,0,57114040,56948871,https://icon.foundation,37163847.01529027,2000000.0,main,1
hxfba37e91ccc13ec1dab115811f73e429cde44d48,0x150467734a3efc75c0000,San Francisco,USA,0x1a51c5647b9fa855456317,https://lydialabs.xyz/details.json,hi@lydialabs.xyz,0,14000.0,19378303,67681653,Lydia Labs,hx81719dcfe8f58ca07044b7bede49cecd61f9bd3f,18.118.232.28:7100,0,31760300.0,0,57205756,57091861,https://lydialabs.xyz,31818224.244231693,1588015.0,main,2
hx3d5c3ce7554f4d762f6396e53b2c5de07074ec39,0x14e93f8bc813a03800000,Singapore,SGP,0x1a286e49fbf9e6d1a8aef6,https://icondao.s3-ap-southeast-1.amazonaws.com/icondao.json,icondao@canfoundation.io,0,14000.0,20252122,67743860,ICON DAO,hx3d5c3ce7554f4d762f6396e53b2c5de07074ec39,18.140.186.29:7100,0,31600000.0,0,54121170,54066144,https://twitter.com/icondao,31623000.442272607,1580000.0,main,3
hxe44c986d1c6013c8cafc35edcbd6937985641fce,0xe8ef1e96ae3897800000,Seoul,KOR,0x10ddb77cf91b3e02f48723,https://static-data.parametacorp.com/details.json,hello@parametacorp.com,0,0.0,55909916,67723358,PARAMETA,hx6602c91a04cf9ffef1ac887445c522d6847cf3f7,52.79.77.39:7100,0,21489840.86597263,0,11734782,11707736,https://parametacorp.com,20389840.86597263,1100000.0,main,4
hxf680ae11372c48afebbce77c9d8de455e1acc18a,0xd5abdcbfa37bda63c000,Singapore,SGP,0xfa68e4cdde3cf63f52ff4,https://grow3.io/prep/details.json,support@grow3.io,0,10000.0,37596324,67736328,GROW,hx4e39d214d1e682f2acba7a08c4f7591fb5baaade,18.142.22.234:7100,0,19929459.46756786,0,28337423,28304311,https://grow3.io,18920425.10686786,1009034.3607,main,5
hx231a795d1c719b9edf35c46b9daa4e0b5a1e83aa,0xb84550a1a91463b0c000,Sydney,AUS,0xf1c34e2a810a8dcdab214,https://iconosphere.io/details.json,prep@iconosphere.io,0,13998.0,19955991,67745959,ICONOsphere,hx95248f3757afcb50efa99f529183ba401a82273c,52.36.75.189:7100,0,17403881.366,0,52732485,52632609,https://iconosphere.io,18267089.11875399,870194.0683,main,6
hx1b5c004de7b8591cb571f004fdfa00d74d1099e6,0xd3c21bf253e010c10000,George Town,CYM,0xce5f281c9ef47980b43a9,https://binance.com/json,poolvip@binance.com,0,0.0,44121916,67724831,Binance Node,hx863b7ba01fded0c7139788df152662ae881b8be3,3.215.75.154:7100,0,16593005.234287728,0,22940276,22924944,https://binance.com,15593005.224287728,1000000.01,main,7
hxca60d4371ad90d624dc7119f81009d799c168aa1,0xa8d04fc1d69cb3918000,Sydney,AUS,0xd4690fb99e9e26b7b8b77,https://devshack-prep-storage.s3-ap-southeast-2.amazonaws.com/json/devshack.json,icon@devshack.team,0,11200.0,27228224,67742967,FRÄ€MD,hxca60d4371ad90d624dc7119f81009d799c168aa1,104.197.141.179:7100,0,15944004.78,0,15041719,14971085,https://www.devshack.team,16049275.769716602,797200.239,main,8
hx28c08b299995a88756af64374e13db2240bc3142,0x943b1377290cbd800000,Dunedin,NZL,0xb9eb2f08550d5a6f6c181,https://parrot9.com/PARROT9.json,hello@parrot9.com,0,14000.0,19769751,67735381,PARROT9,hx28c08b299995a88756af64374e13db2240bc3142,155.138.134.222:7100,0,14000000.0,0,44867396,44792220,https://parrot9.com,14047618.771847066,700000.0,main,9
hx3c58970034d5a923aa95058365450feed28979a2,0xb2acb568f61d8636c000,Sydney,AUS,0xac7701d8e9e63cdb3bbd6,https://gangstabet.io/details.json,hodl@gangstabet.io,0,10000.0,41610399,67717140,GangstaVerse,hxed7175f73f63ce8dfeede1db8c4b66179eb7a857,44.237.21.74:7100,0,13874844.437287431,0,24196170,24145413,https://gangstabet.io/,13031077.291387431,843767.1459,main,10
hx9121c5914ce34f59de52fe15efd6f7982c2ab8ae,0x86e0aed364626e144000,New York,USA,0x92e352ce2ea2ddd776be0,https://icon-staking-details.s3.us-west-2.amazonaws.com/icon-am/details.json,ICON.A.M@protonmail.com,0,50000.0,15285332,67754810,ICON Asset Management,hxd4382eb39497d2a3c924267d18908fd32e1f8c8f,95.179.134.53:7100,0,11735483.923484538,0,35366288,35315365,https://myicon.finance,11098542.146584539,636941.7769,main,11
hx8e6dcffdf06f850af5d372ac96389135e17d56d3,0xab20e3faa061a1200000,Kyiv,UKR,0x8526f112f8237b2e87337,https://everstake.one/icon.json,inbox@everstake.one,0,14000.0,20174244,67754056,Everstake,hx3e9deb93255877805d8d81681b41bd2c14d65d0b,95.217.41.106:7100,0,10868820.827456124,0,53258555,53157373,https://everstake.one,10060689.435456125,808131.392,main,12
hxe4c008b838e8a9a7c065f20f393974de4c86f917,0x7097e2c1148185218000,Wollongong,AUS,0x8dc9746f776873687962f,https://faucet.reliantnode.com/static/details.json,team@reliantnode.com,0,14000.0,19688103,67753500,ReliantNode,hxe4c008b838e8a9a7c065f20f393974de4c86f917,185.172.110.74:7100,0,10634136.876,0,50896150,50561079,https://www.reliantnode.com,10713117.755189711,531706.8438,main,13
hx2e7db537ca3ff73336bee1bab4cf733a94ae769b,0x947fdba9e86f9a1f0000,Melbourne,AUS,0x748bbfa4ae5fe344e12c7,https://www.eyeonicon.xyz/api/details.json,fez@fbdconsulting.com,0,0.0,56432892,67749331,Eye on ICON,hx2e7db537ca3ff73336bee1bab4cf733a94ae769b,65.21.202.45:7100,0,9507227.50509134,0,4208320,4203026,https://www.eyeonicon.xyz,8805958.70069134,701268.8044,main,14
hx6f89b2c25c15f6294c79810221753131067ed3f8,0x60e525fbf5f5ca938000,Paris,FRA,0x78f4364b5923f0f441079,https://sharpn.tech/cdn/prepsdetailsv5.json,hello@staky.io,0,14000.0,20132195,67754760,Staky.io | Craft contributor,hx6f89b2c25c15f6294c79810221753131067ed3f8,167.71.4.34:7100,0,9151484.476,0,42886979,42614245,https://staky.io,9139022.333072877,457574.2238,main,15
hx31c429608c74501de13df5fea30bf1674460be50,0x622ae949920f65d7c000,Banglore,IND,0x71b7846388e5409f89cbf,https://icon-staking-details.s3.us-west-2.amazonaws.com/hugobyte/details.json,contact@hugobyte.com,0,10000.0,36747915,67753110,Hugobyte,hx56db2dfd4922817ac9a6543d0eabcced433b44ce,45.76.182.241:7100,0,9055786.790279403,0,11607415,11548384,https://hugobyte.com,8592203.301579403,463583.4887,main,16
hxfc56203484921c3b7a4dee9579d8614d8c8daaf5,0x58f03ee118a13e800000,San Francisco,USA,0x734a7dbd4f982ff5125e0,https://icon-staking-details.s3.us-west-2.amazonaws.com/sudoblock/details.json,info@sudoblock.io,0,14000.0,20429496,67754783,sudoblock,hx671f20ea01826591ed09988bd0229e3008f4fa47,139.180.142.57:7100,0,8400000.0,0,37231492,37046409,https://github.com/sudoblockio,8711140.241232065,420000.0,main,17
hx0a72c03881451a6270d4895f756085470fc311e4,0x57c10c9ca6566b800000,Manila,PHL,0x6d9b99e20afc22c95eebd,https://icon-staking-details.s3.us-west-2.amazonaws.com/icon-pinas/details.json,iconpilipinas@gmail.com,0,14000.0,19653141,67751760,ICON Pinas (Pilipinas),hx9b211794b5e942c7acc7dccca84d39f617c8e0dd,139.180.138.203:7100,0,8288140.288,0,33473234,33405842,https://www.iconpinas.com/,8281732.48642443,414407.0144,main,18
hx2bbb1b0300f5dc0caa0e1a3ba1701a22e7590763,0x52953c22c0bc47784000,Maribor,SVN,0x64ed01871ff95324e193c,https://protokol7.com/icon/mainnet-config.json,info@protokol7.com,0,10000.0,39619156,67754255,Protokol7,hx2bbb1b0300f5dc0caa0e1a3ba1701a22e7590763,18.135.219.85:7100,0,7799738.994,0,27163390,27145245,https://protokol7.com/icon,7625738.1875888845,389986.9497,main,19
hx262afdeda4eba10fe41fa5ef21796ac2bdcc6629,0x588ad0b72093af75c000,Paris,FRA,0x58ae3fa4bee28d9fc3171,https://iconation.team/prep_mainnet.json,iconation.team@gmail.com,0,14000.0,19794346,67744706,ICONation,hx262afdeda4eba10fe41fa5ef21796ac2bdcc6629,52.47.90.20:7100,0,7118650.060084881,0,57364770,57312332,https://iconation.team,6700521.119384881,418128.9407,main,20
hxc5e0b88cb9092bbd8b004a517996139334752f62,0x3d2e834c4958594ac000,Albuquerque,USA,0x4a6b9607bceafcd6ab9d1,https://inanisinvictus.app/api/nodedetails,admin@inanisinvictus.app,0,14000.0,19781040,67754763,Inanis Invictus ICON Node,hxc5e0b88cb9092bbd8b004a517996139334752f62,13.86.179.194:7100,0,5778447.334,0,3158167,3129834,https://inanisinvictus.app,5623035.714646218,288922.3667,main,21
hx9780bfcd8d33c50f56e37f5b27313433c28eb8d8,0x3635c9adc5dea0000000,Tallinn,EST,0x431e41f9ffd6d65046327,https://stakin-data.s3.eu-west-2.amazonaws.com/icon/icon.json,hello@stakin.com,0,13600.0,19705316,67753977,Stakin,hx9780bfcd8d33c50f56e37f5b27313433c28eb8d8,3.8.92.147:7100,0,5120000.0,0,47677114,47603503,https://stakin.com/,5071307.372586518,256000.0,main,22
hx1cb5883939f2fd478e92da1260438aa1f03440ca,0x34f08ed5a43900ac0000,Stockholm,SWE,0x42406913e6311ca81febe,https://eossweden.eu/prep-api.json,eossweden@gmail.com,1,50000.0,0,67754804,ICON Sweden,hx1cb5883939f2fd478e92da1260438aa1f03440ca,95.216.246.114:7100,0,5000011.36,0,4535904,4521080,https://eossweden.eu,5005829.618217778,250000.568,sub,23
hx099b1e6b271bc6cd67d930a1c62ee5f3ed0e2c7d,0x15b4894013b9a31000000,Seoul,KOR,0x29b46ef39737dbeccaf2c,https://neoply.io/bp_info/icon.json,support@neoply.com,1,13891.590948425752,21710481,67754804,NEOPLY,hx099b1e6b271bc6cd67d930a1c62ee5f3ed0e2c7d,54.199.171.19:7100,0,4791126.954095245,0,18698534,18683855,https://neoply.io,3151126.954095246,1640000.0,sub,24
hx437e3ce53016ffc71be609a4d1194e41a5d89678,0x2aa417f33e1f56d24000,London,GBR,0x385143616711c47a0cd03,https://www.google.com,fomomental@gmail.com,1,0.0,49121126,67668564,FOMOmental,hx437e3ce53016ffc71be609a4d1194e41a5d89678,167.235.56.12:7100,0,4027327.682,0,4790399,4763259,https://www.google.com,4255225.033373918,201366.3841,sub,25
hx54d6f19c3d16b2ef23c09c885ca1ba776aaa80e2,0x27fc2be518bbfff24000,Detroit,USA,0x31cc29cdad85a3f627726,https://ubik.capital/ubikprep/ubikprep.json,icon@ubik.capital,1,14000.0,22050720,67625444,Ubik Capital,hx54d6f19c3d16b2ef23c09c885ca1ba776aaa80e2,65.108.47.101:7100,0,3776480.706,0,36465113,36434480,https://ubik.capital,3762593.6912986343,188824.0353,sub,26
hxb11448743cbb63fcf29609401cdc5782793be211,0x250f1e301f02ef38c000,Washington,USA,0x2dbbf7da3d46d0549b9d3,https://kritech1.blob.core.windows.net/test-container/config.json,support@gps.games,1,14000.0,19648281,67539204,GPS Gaming,hxb11448743cbb63fcf29609401cdc5782793be211,172.190.83.57:7100,0,3500128.726,0,28564700,28255621,https://gps.games,3455582.2804090297,175006.4363,sub,27
hx2f3fb9a9ff98df2145936d2bfcaa3837a289496b,0x230bcf7591b69bef4000,Melbourne,AUS,0x2b54973f72b021da86bab,https://raw.githubusercontent.com/Transcranial-Solutions/Node/master/prep_details_icon2_aus.json,transcranial.solutions@gmail.com,0,14000.0,19964877,67754805,Transcranial Solutions,hx2f3fb9a9ff98df2145936d2bfcaa3837a289496b,159.196.221.33:7100,0,3310013.802,0,2093624,2087286,https://twitter.com/TranscranialSol,3273954.9411409665,165500.6901,main,28
hx35a0a985a9abd8cbbc71bec1aba74ca204369c8a,0x21e19e0c9bab24000000,Bangkok,THA,0x2a3274032f00aca9c68ce,https://www.remicx.net/conf/config.json,remicx.net@gmail.com,1,50000.0,14674709,67668564,RemICX,hx35a0a985a9abd8cbbc71bec1aba74ca204369c8a,138.201.137.189:7100,0,3200000.0,0,2240916,2239367,https://www.remicx.net,3188321.4249795815,160000.0,sub,29
hxdc35f82a3a943e040ae2b9ab2baa2118781b2bc9,0x20a7f0f4a89e70090000,London,GBR,0x291dc8121bce386e93432,https://icon-staking-details.s3.us-west-2.amazonaws.com/mineable/details.json,admin@mineable.com,1,14000.0,20271436,67453626,Mineable,hx3868af05aa6416b1397eb948121eaa6e7156931a,119.180.138.203:7100,3,3084273.928,0,28855514,28816715,https://www.youtube.com/icontvofficial,3106662.3678675634,154213.6964,sub,30
hxe8767c80a009c7bb8344d81c430144463cbb325e,0x1c125e280c439c870000,Seoul,KOR,0x211efeaf2a3d942cabdd9,https://icontrol-team.github.io/public-page/json/detail.json,icontrol.b@gmail.com,1,14471.974222133169,20127619,67711684,ICONTROL,hx0a996a7ac80dca19779ebf0914d071f6cb512737,54.249.154.84:7100,0,2635122.6586457617,0,2373030,2365449,https://icontrol.webflow.io,2502557.5710457615,132565.0876,sub,31
hx9fa9d224306b0722099d30471b3c2306421aead7,0x152d02c7e14af6800000,Caracas,VEN,0x1a4448962003a41b548dd,https://espanicon.team/details.json,info@espanicon.team,1,14000.0,19715928,67711684,Espanicon,hx9fa9d224306b0722099d30471b3c2306421aead7,65.108.47.72:7100,0,2000000.0,0,2199120,2195469,https://espanicon.team,1984658.2008774444,100000.0,sub,32
hx5dff0f5953e8cb0d50aaabff041a524e27718bd2,0x13016f3a942be0920000,London,GBR,0x179e713052bdc9b6f4146,https://dsnc.s3.eu-west-2.amazonaws.com/dsnc/dsnc-details.json,info@dsnc.co.uk,1,33000.0,19876529,67496084,DSNC,hx5dff0f5953e8cb0d50aaabff041a524e27718bd2,35.178.42.84:7100,0,1795028.496,0,2199120,2190709,https://dsnc.co.uk,1784594.7324727713,89751.4248,sub,33
hxc453700b9bd823d7f7175808a0986c0e3a45f2b4,0x130ee8e7179044400000,Munich,DEU,0x149ba55c329ee30ee88ba,https://icon-staking-details.s3.us-west-2.amazonaws.com/interblock/details.json,support@interblock.tech,1,50000.0,12584016,67539866,InterBlock,hx310565b927f131381b8dbbaa09d4098fa070f5cf,54.171.45.20:7100,3,1647095.8470910399,0,5822688,5804010,https://twitter.com/interblocktech,1557095.8470910399,90000.0,sub,34
hx0e239cfd88dfd83d72c5656e713838f76f3759cb,0x132cd53cd15ebdad4000,Singapore,SGP,0x1144e1868209ec0658505,https://prep-static.havah.io/details.json,kj.kim@w3s.world,1,0.0,66522252,67668564,HAVAH,hx5f7a0b1a5b17e124aaa485ec329ae502e1b3cf61,52.77.115.223:7100,0,1395365.7393012922,0,172480,172397,https://www.havah.io,1304813.7540012922,90551.9853,sub,35
hx9a20bc2de732aad6de56dcaabb800c24aab86c28,0xb02ecf74c3138800000,Mechelen,BEL,0xe6ae514db5e2ab544ecd,https://icon-staking-details.s3.us-west-2.amazonaws.com/icx-belgium/details.json,ICXBelgium@outlook.be,0,40412.85515565048,15519362,67754805,ICX Belgium,hx7f8e74581059d35b7fec876815313f742a641d82,199.247.30.96:7100,0,1040000.0,0,887330,859603,https://twitter.com/Lucky8Steven,1089359.8830675192,52000.0,main,36
hxf6672e670d2b5816061da22231f3a90f0b5955b5,0xaed18c7764947bfc000,Chicago,USA,0xbd11b1432c0852f4c460,https://prep-details.s3-us-west-1.amazonaws.com/json,iconchicagoteam@gmail.com,1,46016.98459397009,14419820,67712346,ICON Chicago,hxf6672e670d2b5816061da22231f3a90f0b5955b5,165.227.49.93:7100,3,944450.9617129985,0,799992,772388,http://iconchicago.team,892853.6330129984,51597.3287,sub,37
hxe872d22ad693279cd7ff33f51583f4117a4610b3,0x9be3b60370b76bd8000,London,GBR,0xe75880daa4203a783429,https://icon-staking-details.s3.us-west-2.amazonaws.com/code-metal/details.json,admin@mineable.com,1,0.0,53907486,67539866,CODE METAL,hxd2240488c3508c605497b1600b2a7fb32ffa3f5c,184.1.2.180:7100,3,920209.164,0,34424,0,https://twitter.com/CodeMetal_NFT,1092499.2559354147,46010.4582,sub,38
hx5b97bbec2e555289351806103833a465b7fbbd47,0x65fb969bb5d79d00000,Brno,CZE,0xd477924d092e15c63911,https://blockmove.eu/prepinfo/info.json,hello@blockmove.eu,1,10000.0,19719147,67496084,Blockmove,hx5b97bbec2e555289351806103833a465b7fbbd47,51.159.17.38:7100,0,602000.0,0,13821928,13763918,https://blockmove.eu,1003347.3990055325,30100.0,sub,39
hxc97bc2b6863b5f0094de7f0e5bcf82a404c4199b,0xa968163f0a57b400000,San Jose,USA,0x62422993c7be23b2eb08,https://raw.githubusercontent.com/siliconvalleyicon/siliconvalleyicon.github.io/master/prep/json/svi.json,siliconvalleyicon@gmail.com,1,14000.0,22629432,67582986,Silicon Valley ICON,hxc97bc2b6863b5f0094de7f0e5bcf82a404c4199b,138.68.63.35:7100,3,514012.39638788666,0,1224571,1202858,http://siliconvalleyicon.com,464012.39638788666,50000.0,sub,40
hx8d7f98f88560fc957d410afb53c5b269bebc8799,0x7ae98eebb20a0190000,New York,USA,0x55ef1d5c7a70e07ab94c,https://icxpromotions.com/about,icxpromotions@gmail.com,1,10000.0,32729404,67496746,Arcade Node,hx8d7f98f88560fc957d410afb53c5b269bebc8799,3.145.0.144:7100,3,442089.3573780866,0,35086,0,https://icxpromotions.com,405812.0385780866,36277.3188,sub,41
hx21a916b7a01b900861ca3f3b7ac76ba316169f8c,0x73324c9144791400000,Ljubljana,SVN,0x53251b4170aa3307bee4,https://raw.githubusercontent.com/iconslovenia/about/main/details.json,iconslovenia@gmail.com,1,14000.0,19886757,67712346,ICON Slovenia,hx21a916b7a01b900861ca3f3b7ac76ba316169f8c,88.99.95.232:7100,3,426640.9115836966,0,14564,0,https://github.com/iconslovenia,392640.9115836966,34000.0,sub,42
hxbc9c73670c79e8f6f8060551a792c2cf29a8c491,0x46fb3a7922491980000,San Francisco,USA,0x4c3119dc56636dd67dd7,https://multi-prep.s3.amazonaws.com/p-rep.json,markus@mousebelt.com,0,26000.0,21114191,67754805,MouseBelt | Multi.io,hxbc9c73670c79e8f6f8060551a792c2cf29a8c491,54.81.151.142:7100,0,380755.6066170357,0,32017172,31986416,https://mousebelt.com,359805.6066170357,20950.0,main,43
hx135d9c1b6ad2b7750f153d1649b676f8625e470c,0x34808b3793ed9620000,London,GBR,0x3f1407f09a3a3b36cf97,https://icon-staking-details.s3.us-west-2.amazonaws.com/guidestar/details.json,iconguidestar@gmail.com,1,14000.0,19934045,67582324,ICON Guide Star,hx7550464fc96421b879948632a464b4abd6d509cf,139.180.219.26:7100,0,309917.84,0,2113542,2106351,https://medium.com/@iconguidestar,297878.5954289894,15495.892,sub,44
hx3aa778e1f00c77d3490e9e625f1f83ed26f90133,0x2df4dc78f4d4e95c000,Montreal,CAN,0x16658154984224dccc6fe,https://citadel.one/icx_regjson.json,partners@paradigmfund.io,1,14000.0,21033559,67539204,Citadel.one,hx3aa778e1f00c77d3490e9e625f1f83ed26f90133,84.201.175.163:7100,0,271279.23,0,17298936,17248213,https://citadel.one/,1692232.0482482505,13563.9615,sub,45
hx69d49e8365659d7771f7e721d7f9b04367212557,0x43c33c1937564800000,Eindhoven,NLD,0x2e0c97524a237b52014c,https://icon4all.com/details.json,info@icon4all.com,1,10000.0,33382431,67754804,ICON 4 ALL,hx69d49e8365659d7771f7e721d7f9b04367212557,node.icon4all.com:7100,0,237461.12300005226,0,2179599,2176187,https://icon4all.com,217461.12300005226,20000.0,sub,46
hxa19a398f4941abed1d0af82fb2f6081b76f29107,0x10f0cf064dd59200000,Seoul,KOR,0x2914583da5706657a4df,https://a-block.net/prep/details.json,master@a-block.net,1,50000.0,10561757,67669226,A_Block,hxa19a398f4941abed1d0af82fb2f6081b76f29107,52.78.113.173:7100,3,100000.0,0,35086,0,https://a-block.net,193992.31909928072,5000.0,sub,47
hx35760c56a8e3942a3e4e5cc2ba78b18502b4f421,0xd41d076956d399c000,Seoul,KOR,0x1950e2a47402b912281d,https://raw.githubusercontent.com/fomomasternode/mainnetcitizen/master/details.json,andrew@fomomasternode.com,1,50000.0,0,67582986,FOMO MASTERNODE,hx35760c56a8e3942a3e4e5cc2ba78b18502b4f421,44.226.58.146:7100,3,78256.03,0,34424,0,https://fomomasternode.com,119551.23290334169,3912.8015,sub,48
hxd0d9b0fee857de26fd1e8b15209ca15b14b851b2,0x0,Singapore,SGP,0x4181a877e768716e5f136,https://www.velic.io/cexp/v1/marketing/staving/info,support@velic.io,2,14000.0,19608576,56026164,VELIC,hx406c9d6fa4b8a51dba98797610fe5935f613fb07,3.114.212.239:7100,0,0.0,0,44567710,44528699,https://www.velic.io,4949529.452764669,0.0,candidate,49
hxff6437443e7ed76d2d7f97f0d28d7ae1071bd0bb,0x0,Chattanooga,USA,0x36121ee7406ccb4efa79f,https://www.keekee.io/node.json,1guitar6strings@gmail.com,2,16000.0,21362181,50981124,Spartan Node,hxff6437443e7ed76d2d7f97f0d28d7ae1071bd0bb,134.122.40.114:7100,0,0.0,0,20200568,20188526,http://www.tokenup.io,4085472.93260263,0.0,candidate,50
hx5cb1e6d96eb1db986cee37a0a23a796de802a4bc,0x0,Falkenstein,DEU,0x2c88aff555114ad2fafd7,https://services.atomicwallet.io/config/icx-representative-config.json,support@atomicwallet.io,2,13958.264910793416,26889350,42013488,Atomic Wallet,hx5cb1e6d96eb1db986cee37a0a23a796de802a4bc,5.9.11.122:7100,0,0.0,0,4534426,4523305,https://atomicwallet.io,3364888.9851863612,0.0,candidate,51
hxc1717a36b5288b92586b93d3c20f247b2bab1a26,0x0,Ohio,USA,0x2a3942d819a3d36b30205,https://iconpool.io/resources/details.json,blockdevs@protonmail.com,2,13958.264910793416,26609284,0,ICONPool,hxc1717a36b5288b92586b93d3c20f247b2bab1a26,3.139.127.77:7100,0,0.0,0,0,0,https://iconpool.io,3190330.7731315107,0.0,candidate,52
hxaf33a0c15dbf52b76590422cbb7e2d835034cdf6,0x0,Seoul,KOR,0x29ab316cb6e27d474f36c,http://icon.plan-p.io/config_mainnet.json,master@plan-p.io,2,45845.248381294026,14801418,65686368,Plan-P,hxaf33a0c15dbf52b76590422cbb7e2d835034cdf6,15.164.138.240:7100,3,0.0,0,11897219,11831065,http://plan-p.io,3148399.687307984,0.0,candidate,53
hx3911d68483684abee3bf0be488aaac7bbaf8d4d2,0x0,Bangkok,THA,0x1d2f2fe6261773c0af635,https://bandprotocol-prep.s3-ap-southeast-1.amazonaws.com/details.json,swit@bandprotocol.com,2,13958.264910793416,26718284,42017460,Band Protocol,hx3911d68483684abee3bf0be488aaac7bbaf8d4d2,13.229.29.245:7100,0,0.0,0,2648,0,https://bandprotocol.com/,2205105.2234036904,0.0,candidate,54
hxf08bd5835fdb53dc7c764a5f4dd4e2e6359324e8,0x0,London,GBR,0x18611f95ebac91d73f44b,https://metanyx.com/json,hello@metanyx.io,2,20480.0,19961495,63572826,Metanyx,hxf08bd5835fdb53dc7c764a5f4dd4e2e6359324e8,35.226.38.115:7100,3,0.0,0,29156298,29132880,https://metanyx.com,1842054.491973351,0.0,candidate,55
hx15686bf1f501115a2b5de381a20edc1963cb2ec3,0x0,Las Vegas,USA,0x158121afc994d76de2cd0,https://icon-staking-details.s3.us-west-2.amazonaws.com/icon-bet-2/details.json,iconbetcommunity@protonmail.com,2,0.0,48655292,55810564,ICONbet,hx2adfadd700ecf177d76e6ef0c40f0143afa3ee8d,1.2.3.4:7100,0,0.0,0,2662673,2655650,https://iconbet.io,1624828.0560981818,0.0,candidate,56
hxd5059fec8665bc7b769f4893aef65cf00049377a,0x0,Seoul,KOR,0x1560b5d58a61930370c10,https://jsonkeeper.com/b/U06Q,iconhyperconnect@gmail.com,2,14000.0,19704603,43176404,ICON Hyperconnect,hxd5059fec8665bc7b769f4893aef65cf00049377a,3.137.75.159:7100,0,0.0,0,25787243,25693531,https://www.iconhyperconnect.com,1615258.9776349,0.0,candidate,57
hxf75bfd0df8d96ee0963965135af2485cee6d5000,0x0,Jeju,KOR,0x10d606624e28376620cb1,http://static.webloc.io/prep/json/webloc-details.json,steve@webloc.io,2,14000.0,20262091,41737317,weBloc asia,hxf75bfd0df8d96ee0963965135af2485cee6d5000,13.125.155.171:7100,0,0.0,0,20134601,20119438,https://www.webloc.io,1272094.831579756,0.0,candidate,58
hx48b3ed0161c639a4b9ec8f2277cc5ab338af7c9a,0x0,Moscow,RUS,0xd2fee9b7983abfdd0658,https://aliceone.online/json,alice.prep@gmail.com,2,50000.0,10699478,0,Alice,hx48b3ed0161c639a4b9ec8f2277cc5ab338af7c9a,aliceone.online:7100,0,0.0,0,0,0,https://aliceone.online,996399.2754940573,0.0,candidate,59
hxd6f20327d135cb0227230ab98792173a5c97b03e,0x0,London,GBR,0xbf7a30918c063190f7f4,https://iconplus-mainnet-aws-us-west-2.s3-us-west-2.amazonaws.com/details.json,Teamiconplus@gmail.com,2,14000.0,19882150,41736655,ICONPLUS,hx49ce06eab947cb5ba2475781044d305af9d8d9d5,44.238.168.211:7100,0,0.0,0,8325015,8319632,https://www.ICON-PLUS.org,904226.0007374384,0.0,candidate,60
hx863e16bd18ceaa7d498b4b275e36cd58818b1f25,0x0,Sydney,AUS,0xa27e152d35cab8721999,https://raw.githubusercontent.com/iconviet/public/master/iconviet.json,tomnuen@gmail.com,2,14000.0,19740835,30111043,TNTXT,hxb38860401c2b845668682be057b42dff22c27c0f,140.82.11.203:7100,0,0.0,0,19263996,19243070,https://tntxt.io,767349.1859131635,0.0,candidate,61
hx5da9e862b4e26e5ac486c1d70d9d63927ce35e1c,0x0,Nozomi,JPN,0x9de84aa3825e41ac3408,https://studiomirai.io/prep.json,hello@studiomirai.io,2,0.0,46508723,54948826,Studio Mirai,hxdd5da910a38a427770c484afd6dd03f92ee35add,prep.studiomirai.io:7100,3,0.0,0,9930,0,https://studiomirai.io,745696.5607213563,0.0,candidate,62
hx168d2cfe6d73acb8cb690d3abda54d3af266addf,0x0,Vienna,AUT,0x765cd33695c00c10dfb2,https://files.b42.tech/icon/config.json,office@block42.tech,2,14000.0,19961625,28343123,block42,hx168d2cfe6d73acb8cb690d3abda54d3af266addf,52.34.9.60:7100,0,0.0,0,14378044,14355262,https://block42.tech,558951.5649500422,0.0,candidate,63
hx19ccfc00b5af79ac75aaae9676b1f9ed5c9b5ca3,0x0,Milan,ITA,0x6d8a9e27f93fc108e48a,https://icon.stakingteam.com/citizen2.json,info@stakingteam.com,2,50000.0,0,12086883,StakingTeam,hx19ccfc00b5af79ac75aaae9676b1f9ed5c9b5ca3,116.203.209.7:7100,0,0.0,0,69079,68465,https://stakingteam.com,517294.9936663975,0.0,candidate,64
hx18a807c44b0efdc2e02ea503d7bc011cc4242318,0x0,Brisbane,AUS,0x6cee5234ef2c638d8ca1,https://icon-staking-details.s3.us-west-2.amazonaws.com/rhythm/details.json,rhythmnode@gmail.com,2,50000.0,15074089,49860004,RHYTHM (Australia),hx0b3ae0c5087f2ad0150bcab87ca4f77ea5f541d9,3.110.250.157:7100,0,0.0,0,301840,301576,https://google.com,514411.8288618484,0.0,candidate,65
hx80a3bb927f9edc899f98eb46bd7a7c601da12980,0x0,San Francisco,USA,0x6cc1676fba5ba5fc8a8f,https://api.sesameseed.org/votes/icon/config.json,info@unifi.org,2,13891.697432150397,21191077,59217706,Unifi Protocol,hx80a3bb927f9edc899f98eb46bd7a7c601da12980,164.90.150.113:7100,3,0.0,0,5064900,5037045,https://unifiprotocol.com/,513583.25513695873,0.0,candidate,66
hx30af89a52479d8ce8ac6682651203750d639a20f,0x0,Kassel,DEU,0x6ad1462419e5713bde25,https://www.iconologist.eu/node/config.json,info@iconologist.eu,2,48614.58579063466,11224754,60080106,ICONologist,hx30af89a52479d8ce8ac6682651203750d639a20f,159.69.136.250:7100,3,0.0,0,21183,0,https://www.iconologist.eu/,504431.27088874276,0.0,candidate,67
hx2cf560d42b3b505314c526336dad5d1f624bdb1f,0x0,Berkeley,USA,0x5b28b977547bf41bd911,https://blockchain.berkeley.edu/wp-content/uploads/details.json,external@blockchain.berkeley.edu,2,50000.0,0,12086883,Blockchain at Berkeley,hx2cf560d42b3b505314c526336dad5d1f624bdb1f,95.168.189.25:7100,0,0.0,0,663595,660021,https://blockchain.berkeley.edu/,430486.5839473967,0.0,candidate,68
hxfac9169f5ee9d3c85c190cfa1208ca45540dcf38,0x0,Paris,FRA,0x599d6e89e5416837681d,https://xgo.com/icx/details.json,support@xgo.com,2,50000.0,0,15622723,XGO,hxfac9169f5ee9d3c85c190cfa1208ca45540dcf38,51.38.62.198:7100,0,0.0,0,3367487,3345269,https://xgo.com,423194.7209444559,0.0,candidate,69
hx9cdb5bd98a1d757ce195a99c6273833b80b51c28,0x0,Atlanta,USA,0x53ffa5db2bd998932a1f,https://peter-mainnet-aws-us-west-2.s3-us-west-2.amazonaws.com/details.json,agilepeters@gmail.com,2,10000.0,28590712,31318403,Catena,hxa0a99a5e7036b7ed439fbbdb35f8d66f2177a2ae,44.226.200.169:7100,0,0.0,0,2371600,2371117,https://catena.one/,396672.2890112262,0.0,candidate,70
hx040b667627bbd02619e89439fab48b053e71c666,0x0,Melbourne and Adelaide,AUS,0x52f224eb719384871e79,https://s3-ap-southeast-2.amazonaws.com/static.icxaustralia.com/icxaustraliajson.json,team@icxaustralia.com,2,50000.0,0,12048774,ICX Australia,hx040b667627bbd02619e89439fab48b053e71c666,pubnode.icxaustralia.com:7100,0,0.0,0,1322,0,https://icxaustralia.com,391700.8240060319,0.0,candidate,71
hxa615b432cb84c3f2ed22194b32df317b474ec2c9,0x0,Malaga,ESP,0x4adcdb9803827ad4007a,http://www.holaicon.com/json/details.json,contacto@holaicon.com,2,14000.0,20230503,0,HOLA ICON,hxa615b432cb84c3f2ed22194b32df317b474ec2c9,88.99.216.112:7100,0,0.0,0,0,0,http://www.holaicon.com,353529.22682971956,0.0,candidate,72
hxab751d4e83b6fda412a38cb5f7f96860396b1327,0x0,Salt Lake City,USA,0x49cba1f013abf55fdf7c,https://symmetry-icon-json-data.s3.amazonaws.com/prod-dc.json,ICON@SymmetrySLC.com,2,14000.0,19690182,34164323,Symmetry SLC,hxab751d4e83b6fda412a38cb5f7f96860396b1327,169.48.79.54:7100,0,0.0,0,23038223,22993303,https://SymmetrySLC.com,348489.1111447109,0.0,candidate,73
hxd00b8fe10deb49aa291a9b2cb460779fc622fa12,0x0,San Francisco,USA,0x4613ad078b886a776571,https://gist.githubusercontent.com/Icon4Education/723f6e34ce304083f53ae13cce7192fb/raw/b9a663a2e4640092734d55edd74765e93a13e96c/details.json,ICON4Education@gmail.com,2,10000.0,16086276,0,ICON4Education,hxd00b8fe10deb49aa291a9b2cb460779fc622fa12,206.189.75.250:7100,0,0.0,0,0,0,https://twitter.com/ICON4Education,330928.6100257871,0.0,candidate,74
hxa92cb92cf29a2e4a7433ebd9103c15b7e71cbafd,0x0,Tokyo,JPN,0x415c1f7b190367ff9698,http://static.deblock.co.jp/prep/details.json,contact@deblock.co.jp,2,14000.0,19692248,16916323,DEMOS,hxa92cb92cf29a2e4a7433ebd9103c15b7e71cbafd,18.177.179.71:7100,0,0.0,0,2932160,2930189,https://www.deblock.co.jp/,308653.19027564797,0.0,candidate,75
hx50040d39a04b7bc9197e9784779f07f9a6887811,0x0,Houston,USA,0x3f454ddfddefa749be55,https://icon-staking-details.s3.us-west-2.amazonaws.com/icon-labs/details.json,contact@iconlabs.dev,2,47059.24527154454,13660583,0,ICON Labs,hx758c8b7b83c9a8f4e4270a057ccad3c063fedd0f,52.11.79.74:7100,0,0.0,0,0,0,https://iconlabs.dev,298787.5252095557,0.0,candidate,76
hx4adc5a79b2fb3631790f6dca22d7b6e4912e6e85,0x0,Seoul,KOR,0x3d396eab3456e7ca80b9,http://static.stayge.io/prep/json/deblock-stayge-details.json,info@stayge.io,2,40000.0,22640689,23125603,Deblock with STAYGE,hx4adc5a79b2fb3631790f6dca22d7b6e4912e6e85,13.124.127.40:7100,0,0.0,0,4884741,4880597,https://stayge.io/en/p-rep,289123.7943923629,0.0,candidate,77
hxbf0f9646b09b0e0943ed768795c0d6c32a758d35,0x0,Brooklyn,USA,0x37cd1898a66477198b50,http://prep-registration-unique-katydid.s3-website.us-east-2.amazonaws.com/details.json,iconusaprep@gmail.com,2,44567.67894778424,15108794,0,ICON USA,hxbf0f9646b09b0e0943ed768795c0d6c32a758d35,3.16.177.23:7100,0,0.0,0,0,0,https://google.com,263513.51144234475,0.0,candidate,78
hxfa6714e4ec784ae2176c416c46dc2c98b6ec9074,0x0,London,GBR,0x349668c195080b9626c3,https://www.piconbello.com/preptools.json,contact@piconbello.com,2,50000.0,0,65728826,PiconbelloDAO,hxb20299f6fec4f43acdce9c6bb279e653a30703fd,34.74.79.223:7100,3,0.0,0,31775,0,https://piconbello.com,248337.61719859022,0.0,candidate,79
hxec5e4136ddbf8e9aa119694b95d1baeecf947ee9,0x0,San Juan,PRI,0x347cf7be6212a8010ae4,http://prep-registration-cute-gull.s3-website.us-east-2.amazonaws.com/details.json,info@transformgroup.com,2,13958.264910793416,23242240,0,Transform Group,hx7e5e9f2e59941e30cd2fef605ef8e232daac6dbc,3.128.245.157:7100,0,0.0,0,0,0,https://transformgroup.com,247868.30518816673,0.0,candidate,80
hx11434d1fce3edecf0e84a9c992a712f0cebf6992,0x0,Dronten,NLD,0x318630bd38b52d1f63e9,https://www.node-icon.web.hosting-russia.ru/prep/details.json,nocadmin@pm.me,2,40373.27307073483,15922175,0,icon-node-NL,hx11434d1fce3edecf0e84a9c992a712f0cebf6992,194.147.115.11:7100,0,0.0,0,0,0,https://www.node-icon.web.hosting-russia.ru/,233871.3333921249,0.0,candidate,81
hx42c103859f2cc380bacb5b0ad3b058d7fe57f430,0x0,Puerto Rico,USA,0x314f6b703acdfd9bf409,https://icon-staking-details.s3.us-west-2.amazonaws.com/oasis/details.json,ICONOASIS@gmail.com,2,50000.0,15193412,49342564,Oasis,hx4eed4ff1719c89b50c051ec4af821e8944dd92d7,54.70.115.235:7100,0,0.0,0,258720,258105,https://prep-registration-assured-haddock.s3-us-west-2.amazonaws.com/index.html,232860.9921948515,0.0,candidate,82
hx70f9a54bccc5295e4adecbe98d9a291bef4ff9a9,0x0,Tallinn,EST,0x2eeb83258063409c810f,https://icon-forge.github.io/P-Rep/mainnet_config.json,hello@iconforge.io,2,13370.0,19770276,49558164,ICON Forge,hx70f9a54bccc5295e4adecbe98d9a291bef4ff9a9,13.49.93.73:7100,0,0.0,0,262692,257912,https://www.iconforge.io/,221573.2931698823,0.0,candidate,83
hxe886f81684bbecddd69a608093fb88624c94d20a,0x0,Montreal,CAN,0x2e2d458daec2e8045a05,https://p-rep.community/pocket-figment.json,contact@figment.network,2,50000.0,0,12046407,POCKET / FIGMENT,hxe886f81684bbecddd69a608093fb88624c94d20a,66.70.178.32:7100,0,0.0,0,245155,238117,https://p-rep.community/candidates/pocket-figment/,218063.97354943308,0.0,candidate,84
hxd243919468353a59250114d3ea891de8486f37c0,0x0,Amsterdam,NLD,0x2d2670017549873b0f6a,https://raw.githubusercontent.com/Iconserve/Iconserve/master/prepdetails.json,admin@iconserve.eu,2,50000.0,15027825,0,Iconserve,hxd243919468353a59250114d3ea891de8486f37c0,85.214.207.194:7100,0,0.0,0,0,0,https://iconserve.eu,213215.53886490088,0.0,candidate,85
hxdcff7a1ab76ba34a9e3c85b0f1e7b2bf436ac024,0x0,Boston,USA,0x2ce6756390c8cd52a8ea,https://storage.googleapis.com/icon-json-data/prod.json,devops@staked.us,2,50000.0,17431252,0,Staked,hxdcff7a1ab76ba34a9e3c85b0f1e7b2bf436ac024,3.225.16.37:7100,0,0.0,0,0,0,https://icon.staked.us,212035.33514693484,0.0,candidate,86
hx60ad5da1c0eb80f52ef7be5b07e590108078a96e,0x0,Dunedin,NZL,0x2c3bc5e732f2cc0de6a5,https://icon-burner-mainnet-aws-us-west-2.s3-us-west-2.amazonaws.com/details.json,icxburners@protonmail.com,2,10000.0,32602041,0,ICXburners  (We burn our node rewards!),hxb03cca443a0ce9e21d343973626b2b3377a5cc36,44.234.218.52:7100,0,0.0,0,0,0,https://twitter.com/ICXburners,208886.74356937673,0.0,candidate,87
hx9571df0bd727ce18adc177e8fd6bc45f885b3382,0x0,Amsterdam,NLD,0x2a6a0decc5fbcddbacda,https://newroad.network/PrepDetails.json,info@newroad.capital,2,14000.0,20214195,12047834,Newroad,hx9571df0bd727ce18adc177e8fd6bc45f885b3382,5.189.170.65:7100,0,0.0,0,73398,72634,https://newroad.network/,200295.7505468406,0.0,candidate,88
hx475e37c2decf56f5bf678060e3937c944921ccba,0x0,London,GBR,0x29ba4639535ed4206368,https://icon-london-mainnet-aws-us-west-2.s3-us-west-2.amazonaws.com/details.json,jackamasterson@hotmail.co.uk,2,47061.92034048148,13736264,0,ICON London,hxaea3a212ace02dfd68e5c2723d54147978940658,52.42.174.154:7100,0,0.0,0,0,0,https://icon-london-mainnet-aws-us-west-2.s3-us-west-2.amazonaws.com/icon-london.html,197053.18036268852,0.0,candidate,89
hx05493cc93caf332f46715411e12c927750d210b6,0x0,Valletta,MLT,0x28ccfafbf1cfa3152d78,http://18.221.42.9/icxmalta.json,icxmalta@gmail.com,2,14800.0,20387007,0,ICX Malta,hx05493cc93caf332f46715411e12c927750d210b6,18.221.42.9:7100,0,0.0,0,0,0,https://icxmalta.com,192675.8804204253,0.0,candidate,90
hx004783f10b0bd56764535cf931650dfe6d42cd9e,0x0,Seoul,KOR,0x27510a7b6bb3da70e81d,https://de-light.io/icon/de-light_icon.json,contact@de-light.io,2,50000.0,0,0,DELIGHT,hx004783f10b0bd56764535cf931650dfe6d42cd9e,node.icon.de-light.io:7100,0,0.0,0,0,0,https://de-light.io,185667.23441766936,0.0,candidate,91
hxf0e7b39f0d43591c9a5c823eb19b90462fa51c30,0x0,Nantes,FRA,0x2675fd06b9c99ae09d45,https://icx-france.com/json,administrateur@icx-france.com,2,10000.0,30614582,0,ICON France,hxf0e7b39f0d43591c9a5c823eb19b90462fa51c30,node.icx-france.com:7100,0,0.0,0,0,0,https://icx-france.com,181626.42787008753,0.0,candidate,92
hx54ebaf568d1d3e61a4ff7d648d3e5cb7ff6179ce,0x0,ICON,USA,0x25ee65c91aef8d7e367d,https://iconspark.s3.amazonaws.com/iconspark.json,support@iconspark.net,2,11500.0,19690455,0,ICON Spark,hx54ebaf568d1d3e61a4ff7d648d3e5cb7ff6179ce,52.86.97.71:7100,0,0.0,0,0,0,http://www.iconspark.net,179125.21937880406,0.0,candidate,93
hxd2de5d155251ff62bf2f6c2aa616da6472886165,0x0,Zug,CHE,0x2421afe7b2cc9160831d,https://chainode.tech/icnmain/details.json,contact@chainode.tech,2,14000.0,20197795,12048113,Chainode Tech,hxd2de5d155251ff62bf2f6c2aa616da6472886165,144.91.102.161:7100,0,0.0,0,273876,269444,https://chainode.tech,170626.61123400758,0.0,candidate,94
hxaf6f61827901d7c4674cf5d2ddbbca2bdae72faf,0x0,Los Angeles,USA,0x23e05e9f9cfd4feeaf95,https://icon-staking-details.s3.us-west-2.amazonaws.com/iconoscope/details.json,iconoscope.prep@gmail.com,2,46467.16731559706,12888103,53482084,ICONoscope,hxf956842f78a0d7c06571100641ae7f127f16c0e5,54.182.23.211:7100,0,0.0,0,932091,926958,https://google.com,169421.71591392116,0.0,candidate,95
hxa69031aef1bbb11ea0ee3647b278c158ecdab767,0x0,Seoul,KOR,0x23666e1659eb8d87b34e,https://raw.githubusercontent.com/payprotocol/logo/main/details.json,fabricplane@danalfintech.com,2,13958.264910793416,26491046,0,Danal,hxa69031aef1bbb11ea0ee3647b278c158ecdab767,3.131.196.72:7100,0,0.0,0,0,0,http://www.pay-coin.co.kr,167172.32742261785,0.0,candidate,96
hxc93a0be07e8a74d9a86d8b12e569b91154681bc8,0x0,Seoul,KOR,0x219a6e7848da15845280,https://signal9-prep-assets.s3.ap-northeast-2.amazonaws.com/prep_detail.json,support@signal9.io,2,40000.0,15464019,18813603,Signal9,hxc93a0be07e8a74d9a86d8b12e569b91154681bc8,13.209.183.179:7100,0,0.0,0,8058530,8051724,https://www.signal9.io/en/,158686.85271449244,0.0,candidate,97
hx8e882ac085ca90e5ef19364ffda6646acceed3b8,0x0,San Jose,USA,0x2004a9a3967588416405,https://raw.githubusercontent.com/iconpanda/Iconpanda.github.io/master/prep/json/iconpanda.json,iconpanda96@gmail.com,2,42782.09405661484,15337272,0,Icon Panda,hx8e882ac085ca90e5ef19364ffda6646acceed3b8,157.245.237.179:7100,0,0.0,0,0,0,https://github.com/iconpanda,151201.73820736865,0.0,candidate,98
hx3ec5c0c906e857de231a7ae16e49ab92c5708699,0x0,Johannesburg,ZAF,0x1fe854c20e2d184beadf,https://icon-staking-details.s3.us-west-2.amazonaws.com/stratos/details.json,icxsa@protonmail.com,2,50000.0,18344676,52705924,ICX_Stratos,hx3b59358db9ea44e49ae72d0ace99ac5b4be8c30d,52.70.233.137:7100,0,0.0,0,560560,560117,https://goole.com,150679.11305369114,0.0,candidate,99
hx02645148d0887cd1daf345e3eabf8871780398e5,0x0,Zurich,CHE,0x1de6eac4dd005ff22667,https://iconleo-mainnet-aws-us-west-2.s3-us-west-2.amazonaws.com/details.json,v@inbox.eu,2,14000.0,19855676,0,ICONLEO (TOP 5 Voters receive bonus 80% of prep daily rewards),hxfdcd12d6cab5d684859076ded73c726f29b1ea7b,44.235.153.121:7100,0,0.0,0,0,0,https://twitter.com/iconleo5,141208.2960292669,0.0,candidate,100
hx2571420b7d3977611cea1d1646579aeef2fb6dfa,0x0,New York,USA,0xf7d6f9dcd72a2f82200,https://raw.githubusercontent.com/rush2vishal/ICONPub/master/prepsdetails.json,vishalbhalla001@gmail.com,2,25600.0,20144151,0,HypoICON,hx2571420b7d3977611cea1d1646579aeef2fb6dfa,3.95.125.133:7100,0,0.0,0,0,0,https://twitter.com/IconHypo,73149.38306266017,0.0,candidate,101
hx704cf476389a2e3ab13ca33eeea9480ee172cf60,0x0,Saint-Petersburg,RUS,0xf3edb3067c1afd9fabd,http://ossuan.com/oss.json,alex.k@ossuan.com,2,42901.579169595316,16696254,0,ICON Russia,hx704cf476389a2e3ab13ca33eeea9480ee172cf60,185.151.241.71:7100,0,0.0,0,0,0,http://ossuan.com,71994.98961358944,0.0,candidate,102
hxa1c5965588ea0615e64313a770c20b069033db7b,0x0,Seoul,KOR,0xe6c9b77074bf68b5ae3,https://orbitchain.io/json,support@orbitchain.io,2,13958.264910793416,23807922,0,OZYS node,hxa1c5965588ea0615e64313a770c20b069033db7b,54.238.25.176:7100,0,0.0,0,0,0,https://orbitchain.io/,68116.58155075661,0.0,candidate,103
hxd19d4bc5a9eef4e044d83abc82d903ac80504ac8,0x0,London,GBR,0xddf55ded44643c90800,http://prep-registration-comic-pup.s3-website.eu-west-2.amazonaws.com/details.json,youremail@gmail.com,2,45851.088126161085,14728133,0,ICON BOOM,hxd19d4bc5a9eef4e044d83abc82d903ac80504ac8,3.11.156.255:7100,0,0.0,0,0,0,https://iconboom.co.uk,65510.57582207892,0.0,candidate,104
hx5f4e22b12f50da1927660eaafb87aa8a1bc91610,0x0,Perth,AUS,0xc922c78608f0582217f,https://icon-whale-mainnet-aws-us-west-2.s3-us-west-2.amazonaws.com/details.json,cem@iconwhale.com,2,10000.0,30419022,0,ICON WHALE,hx9a858ad3d08f492eecd983089b4dbc61dbbc616a,52.11.205.151:7100,0,0.0,0,0,0,https://iconwhale.com,59364.8268464996,0.0,candidate,105
hx8f0eca05fa5f8e0d3f8f440693b9a718ec31fae8,0x0,Toronto,CAN,0xc84716d1c29da844000,https://hashrateplus.com/icon/json/details.json,icon@hashrateplus.com,2,50000.0,15503774,0,HASHRATE PLUS,hx8f0eca05fa5f8e0d3f8f440693b9a718ec31fae8,node.hashrateplus.com:7100,0,0.0,0,0,0,https://hashrateplus.com,59111.541232030235,0.0,candidate,106
hx6f09a1d35ea1f22467df4f0d04a78b4422dcd30e,0x0,BOSTON,USA,0xc4c0c6208f46f52c000,https://raw.githubusercontent.com/cristim20/FOCUS/master/config.json,icxfocus@gmail.com,2,42790.97431662614,15388727,0,FOCUS,hx6f09a1d35ea1f22467df4f0d04a78b4422dcd30e,34.71.177.115:7100,0,0.0,0,0,0,https://www.iconfoc.us,58071.242629559776,0.0,candidate,107
hxf85e4d956f1dfad8d713421ab58b24863c28b28a,0x0,Seoul,KOR,0xc17fc677d8fa43fda12,https://www.iconworld.io/draiconball_detail.json,renov.jung@gmail.com,2,50000.0,0,12050757,DRAICON BALL,hxf85e4d956f1dfad8d713421ab58b24863c28b28a,52.78.0.124:7100,0,0.0,0,41137,40354,https://www.iconworld.io,57110.86055180711,0.0,candidate,108
hx3499cbe7a9c81b412243cac8c4e163d2e4ccb20c,0x0,New York,USA,0xb82364a6ccc71ac4000,https://trustseers.com/details.json,octocat@trustseers.com,2,10000.0,39731032,54128884,Trustseers,hx9960c2b06fbe238ffcc239fe16b3ef052d5712ce,54.234.139.57:7100,0,0.0,0,11111719,11106170,https://trustseers.com,54348.0201,0.0,candidate,109
hx0d0882a489794eeb9d176bcc80b664ff9d54e616,0x0,Pohang,KOR,0xb4e2f683fffa3c98000,https://github.com/alterkim/prep-config/blob/master/config.json,kjheon1118@postech.ac.kr,2,13958.264910793416,26491016,0,CCBR_POSTECH,hx0d0882a489794eeb9d176bcc80b664ff9d54e616,141.223.82.187:7100,0,0.0,0,0,0,http://ccbr.postech.ac.kr,53388.2934,0.0,candidate,110
hxadad43bd60785979ed2ecea55df1eb8049162b04,0x0,Toronto,CAN,0xae675a2a8f7c39a8000,https://gilga.io/details.json,rodney@gilga.io,2,50000.0,0,0,Gilga Capital (NEW - LETS GROW ICON),hxadad43bd60785979ed2ecea55df1eb8049162b04,3.13.49.228:7100,0,0.0,0,0,0,https://gilga.io,51474.8924888804,0.0,candidate,111
hxfbddc0f1c0ab85e59578de4b883cdcf94ab33694,0x0,Dubai,ARE,0xa6c545f443fd4bdafca,https://icon.oaknode.com/p-rep/bara-node.json,mekkahmaddeenah@gmail.com,2,50000.0,13647725,0,Bara-Node,hxfbddc0f1c0ab85e59578de4b883cdcf94ab33694,35.224.139.66:7100,0,0.0,0,0,0,https://twitter.com/BaraNode,49221.99284172,0.0,candidate,112
hx3571351614f64721081996247e53f6436ed05e55,0x0,Nairobi,KEN,0xa09e1445b0914ff45a4,http://adaf.io/json,254prep@gmail.com,2,50000.0,0,12049156,ICONNECT-Global,hx3571351614f64721081996247e53f6436ed05e55,213.136.68.22:7100,0,0.0,0,43120,42453,http://iconnect.global,47405.91772441135,0.0,candidate,113
hx1be230522449d87274fa8f326fed22e3cacfe4c0,0x0,Phuket,THA,0x938e7216008f8eeaa04,https://icon.oaknode.com/p-rep/iconthailand.json,sales@phuketgenie.com,2,14000.0,19812594,0,ICON Thailand,hx1be230522449d87274fa8f326fed22e3cacfe4c0,35.239.120.251:7100,0,0.0,0,0,0,https://twitter.com/Condoka,43550.97071244319,0.0,candidate,114
hx6deee24065b8fa75298b0a22c5a221e2587ba09d,0x0,Vancouver,CAN,0x9246bfe7bd5ba7dc28e,http://meta.icon.oaknode.com/wayneliang.icon.oaknode.com.json,hellosunrise18@gmail.com,2,46864.61193284646,14346249,0,Sunrise,hx6deee24065b8fa75298b0a22c5a221e2587ba09d,35.222.254.39:7100,0,0.0,0,0,0,https://twitter.com/hellosunrise18,43173.16292584438,0.0,candidate,115
hx554ea6c0c56e6f30682dcaa79a326da3a364899f,0x0,Tokyo,JPN,0x8986c3b6fdb59a5a136,https://unblock.casa/json,unblockicon@protonmail.com,2,12000.0,19709366,58440884,UNBLOCK {ICX GROWTH INCUBATOR},hx554ea6c0c56e6f30682dcaa79a326da3a364899f,144.76.203.165:7100,0,0.0,0,1162384,1153534,https://unblock.casa,40590.63591232863,0.0,candidate,116
hxfe9a226b2910584cebd9596e4effd8a8c0e3e039,0x0,Hangzhou,CHN,0x82a67e6f8d3ad4e0000,https://www.nodeasy.com/relevant/about,yuanjun@bitopia.cn,2,50000.0,0,0,Nodeasy.com,hxfe9a226b2910584cebd9596e4effd8a8c0e3e039,173.249.53.224:7100,0,0.0,0,0,0,https://www.nodeasy.com,38561.18205907154,0.0,candidate,117
hx55f2cc3244350085734f4e405f761ecf3d2095b3,0x0,Zagreb,HRV,0x7c9179961dbbe9af742,https://raw.githubusercontent.com/StakedTech/Icon-P-Rep/master/setPRep.json,staked.tech@protonmail.com,2,13000.0,19720749,63788426,Staked Tech,hx55f2cc3244350085734f4e405f761ecf3d2095b3,135.181.27.43:7100,3,0.0,0,281890,257603,https://www.staked.tech/,36766.06143683387,0.0,candidate,118
hx77b13a82be3a1bd2a71dd389bdfa624a59e8ff2b,0x0,San Francisco,USA,0x78e0aa7fa9af823a700,https://infstones.io/ICONPrep.json,contact@infinitystones.io,2,50000.0,0,0,InfStones,hx77b13a82be3a1bd2a71dd389bdfa624a59e8ff2b,3.23.90.251:9000,0,0.0,0,0,0,https://infstones.io,35676.77089635926,0.0,candidate,119
hxc7a057d0cbb75606352ec8cc698267b7247cc100,0x0,Virginia,USA,0x7842d783f487327b301,https://cardinal-prep.s3.amazonaws.com/details.json,cardina1@tutanota.com,2,50000.0,16916436,0,Cardinal,hxc7a057d0cbb75606352ec8cc698267b7247cc100,52.44.216.243:7100,0,0.0,0,0,0,https://google.com,35494.81203612649,0.0,candidate,120
hx55d5b995fca77274cab59c850803f9ec3e00421f,0x0,Oregon,USA,0x729f07af84bf3c81307,https://orangebloc-prep.s3-us-west-2.amazonaws.com/details.json,orangebloc@protonmail.com,2,50000.0,16874706,0,Orangebloc,hx55d5b995fca77274cab59c850803f9ec3e00421f,54.203.40.175:7100,0,0.0,0,0,0,https://google.com,33830.21032263096,0.0,candidate,121
hx2f8b9e265975bd6d99c6ea45219105174e8674d8,0x0,Heerlen,NLD,0x70ce334ae96a2e1ee3a,http://88.99.165.21/details.json,iconblockchain@gmail.com,2,50000.0,0,0,iconic innovation,hx2f8b9e265975bd6d99c6ea45219105174e8674d8,88.99.165.21:7100,0,0.0,0,0,0,https://iconblockchain.eu,33294.29821147943,0.0,candidate,122
hxbb5355790905d790dff2aa04de5ff786a5211958,0x0,Singapore,SGP,0x705a63dc791e70bf700,https://s3.ap-northeast-2.amazonaws.com/upload.xangle.io/images/json/icon.json,info@crossangle.io,2,50000.0,0,0,Xangle,hxbb5355790905d790dff2aa04de5ff786a5211958,54.180.142.43:7200,0,0.0,0,0,0,https://xangle.io,33160.7780504694,0.0,candidate,123
hxe36c036b294cd8a7dc511d7f58c541cdc93704bb,0x0,Singapore,SGP,0x70179ad700f0c2938c8,http://prep-registration-grown-chamois.s3-website-ap-southeast-1.amazonaws.com/details.json,iconsg10@gmail.com,2,42987.131245067554,16404299,0,ICONSG,hxe36c036b294cd8a7dc511d7f58c541cdc93704bb,3.0.140.226:7100,0,0.0,0,0,0,https://insight-icon.net,33083.779911420716,0.0,candidate,124
hxa83c659bcebca1c6cbf9a94477a7005d09461569,0x0,Dubai,ARE,0x6877e7ed8c742534000,http://meta.icon.oaknode.com/icxmerch.icon.oaknode.com,shop@icxmerch.com,2,45998.03953432434,14386173,0,ICXmerch,hxa83c659bcebca1c6cbf9a94477a7005d09461569,34.70.147.111:7100,0,0.0,0,0,0,http://ICXmerch.com,30833.62430821483,0.0,candidate,125
hxd5ff5a97308534af8234bfe78fd979e74d9f2920,0x0,Seoul,KOR,0x5b420b05ac83f182d38,http://prep-registration-exotic-cowbird.s3-website-us-east-1.amazonaws.com/details.json,icon@gmail.com,2,40420.71173015988,16066375,0,X-node,hxd5ff5a97308534af8234bfe78fd979e74d9f2920,3.223.159.147:7100,0,0.0,0,0,0,https://twitter.com/,26934.601830037158,0.0,candidate,126
hx352a4b557e9035f89b237fe85d6bb92f517fdbd7,0x0,Singapore,SGP,0x53c7e51190dcebdd307,https://hourglass-prep.s3-ap-southeast-1.amazonaws.com/details.json,hourglass@mailfence.com,2,50000.0,17127716,0,Hourglass,hx352a4b557e9035f89b237fe85d6bb92f517fdbd7,54.169.49.247:7100,0,0.0,0,0,0,https://google.com,24727.739142639784,0.0,candidate,127
hxa224bb59e9ba930f3919b57feef7656f1139d24b,0x0,Puerto Rico,USA,0x48bb61ce96602cd8000,https://www.catalystnode.com/icon/details.json,node@catalystnode.com,2,14000.0,20117853,18813603,Catalyst,hxa224bb59e9ba930f3919b57feef7656f1139d24b,3.233.34.53:7100,0,0.0,0,6593011,6587595,https://www.catalystnode.com,21466.6859777628,0.0,candidate,128
hx29fbc9cfb184d75d74cab33c70820a696998b596,0x0,Grenada,GRD,0x46f6bb232d80434c000,http://prep-registration-charmed-goose.s3-website-eu-west-1.amazonaws.com/details.json,iconnode@gmail.com,2,10000.0,19460825,0,Iconnode,hx29fbc9cfb184d75d74cab33c70820a696998b596,34.255.37.220:7100,0,0.0,0,0,0,https://iconvotemonitor.com/validator/hxca60d4371ad90d624dc7119f81009d799c168aa1,20944.81484467162,0.0,candidate,129
hx800853ad662997466bd41653329ba97a2ed1f838,0x0,San Francisco,USA,0x4691daf113f0ceb2580,http://prep-registration-immune-crawfish.s3-website.us-east-2.amazonaws.com/details.json,nanaisback@protonmail.com,2,40808.416491725235,18619147,0,ICON Econ,hx800853ad662997466bd41653329ba97a2ed1f838,3.130.56.105:7100,0,0.0,0,0,0,https://insight-icon.net,20828.513006528607,0.0,candidate,130
hx958eb3e5e9e41e53d000f684af78fd7384f2fe12,0x0,SGP,SGP,0x44a1bbd8b62fe53c000,https://yudus.dev/info,duyyudus@gmail.com,2,14341.203212397631,20270602,0,Yudus Lab,hx958eb3e5e9e41e53d000f684af78fd7384f2fe12,149.28.130.174:7100,0,0.0,0,0,0,https://yudus.dev,20256.5239,0.0,candidate,131
hxa5772c57dd9c67ed09578270847de6fc2bf73b53,0x0,Stockholm,SWE,0x411254f6d767129e347,https://raw.githubusercontent.com/wiznode/node_details/main/prep_details.json,wiznode18@gmail.com,2,46634.642129120104,12907624,0,Wiz node,hxe77b01e0e5f7e8dbe51d699fe815af27ade3a073,3.141.66.224:7100,0,0.0,0,0,0,https://twitter.com/Wiz_node,19205.749068589677,0.0,candidate,132
hxb58637355ffd78ac0a66bb3be8c038712fc5912b,0x0,Seoul,KOR,0x3d658082e6ca0cca397,https://ifnlife.com/json/detail.json,won@ifnlife.io,2,50000.0,15467991,0,IFnLIFE,hxb58637355ffd78ac0a66bb3be8c038712fc5912b,115.22.197.142:7100,0,0.0,0,0,0,https://ifnlife.com,18121.04605150202,0.0,candidate,133
hx1f6da7d57810e812d030fbbd3144690e481e24fc,0x0,SGP,SGP,0x3674520c71df3b9c000,https://comcom.ai/detail.json,contact@comcom.ai,2,50000.0,0,0,Common Computer Online,hx1f6da7d57810e812d030fbbd3144690e481e24fc,3.1.33.36:7100,0,0.0,0,0,0,https://comcom.ai,16072.095288320348,0.0,candidate,134
hx38c8507ed599b3d51a825d6a37e165bc5303daa1,0x0,Mumbai,IND,0x3565f453db467e90000,https://redhot.com/details.json,redhotice@protonmail.com,2,10000.0,43847457,47532186,Red Hot ICE ,hx38c8507ed599b3d51a825d6a37e165bc5303daa1,44.242.148.135:7100,3,0.0,0,1324,0,https://redhot.com,15760.3844,0.0,candidate,135
hx9d068caab70c41f7ddf3ab3d9bcce8a8dbffa089,0x0,San Francisco,USA,0x2f4a3e962eecf820000,https://api.myjson.com/bins/hk3ip.json,info@noris.io,2,50000.0,0,10405203,Noris [New Node],hx9d068caab70c41f7ddf3ab3d9bcce8a8dbffa089,52.9.133.242:7100,0,0.0,0,41798,41793,https://www.noris.io,13957.5496,0.0,candidate,136
hx5ac1e54766ae2e3340e0a6579c2ccde8b766cd76,0x0,Sudbury,CAN,0x2ea53603dbfbe0a8000,https://icon.oaknode.com/p-rep/progression.json,jordz26@gmail.com,2,50000.0,13648002,0,Progression,hx5ac1e54766ae2e3340e0a6579c2ccde8b766cd76,35.193.191.249:7100,0,0.0,0,0,0,https://twitter.com/wkwwwwk,13767.278948783975,0.0,candidate,137
hx468a3871c1e8d7e61581fae29258fcacf13e5150,0x0,Singapore,SGP,0x2c5ce9efd50d8770c71,https://freezer.foundation/freezer-details.json,support@freezer.foundation,2,50000.0,0,0,ICX FREEZER,hx468a3871c1e8d7e61581fae29258fcacf13e5150,3.114.200.159:7100,0,0.0,0,0,0,https://freezer.foundation,13093.630164201877,0.0,candidate,138
hx34f817bad3d0554da6c6642b06056bda32b06396,0x0,Moscow,RUS,0x2a989312da502d58000,http://prep-registration-renewing-mongrel.s3-website.eu-north-1.amazonaws.com/details.json,youremail@gmail.com,2,44036.771085959044,18492814,0,GagarinCrypto,hx34f817bad3d0554da6c6642b06056bda32b06396,13.53.33.45:7100,0,0.0,0,0,0,https://insight-icon.net,12572.11844704,0.0,candidate,139
hxd17cc393d0b0a59f0a03e4fb4ac1ab196743162f,0x0,Thessaloniki,GRC,0x2889cc512b359b90000,http://prep-registration-relieved-gazelle.s3-website.us-east-2.amazonaws.com/details.json,iconhermes@gmail.com,2,12000.0,19706783,0,Hermes Greece,hxd17cc393d0b0a59f0a03e4fb4ac1ab196743162f,3.20.144.125:7100,0,0.0,0,0,0,https://hermesicon.wordpress.com,11964.786615565632,0.0,candidate,140
hx87d5c36add6d96c2c0dcc349223c528a99fb26f6,0x0,SHANGHAI,CHN,0x26cff1548edae600000,http://52.78.229.102/details.json,Ian.wu@dfgroup.pro,2,50000.0,0,12050096,DFG Crypto,hx87d5c36add6d96c2c0dcc349223c528a99fb26f6,52.78.229.102:7100,0,0.0,0,1322,0,https://www.dfg.group/,11455.362003339775,0.0,candidate,141
hxd4f3fc3fbdc475874285abf9459119f8dede31dd,0x0,Sydney,AUS,0x2551f704661181d0000,http://meta.icon.oaknode.com/sickonode.icon.oaknode.com,sickonode@aussiebb.com.au,2,50000.0,14771676,0,Sicko Node,hxd4f3fc3fbdc475874285abf9459119f8dede31dd,35.239.154.121:7100,0,0.0,0,0,0,https://twitter.com/sickonode,11014.9716,0.0,candidate,142
hxa30a0e0f59956381a02f8010eab27491026c5c33,0x0,Stockholm,SWE,0x2495660669722258000,https://zigsolution.com/pakchina-icon.json,miankhan85@yahoo.com,2,50000.0,0,0,PakChina,hxa30a0e0f59956381a02f8010eab27491026c5c33,95.216.245.221:7100,0,0.0,0,0,0,https://zigsolution.com,10797.569370604413,0.0,candidate,143
hxf825b64910cdbe57c6f8afb9dd235b10b884eac5,0x0,Tokyo,JPN,0x244ccfd569f69aa7fef,https://raw.githubusercontent.com/azaburesearch/prep/master/details.json,azaburesearch@protonmail.com,2,50000.0,0,0,Azabu Research,hxf825b64910cdbe57c6f8afb9dd235b10b884eac5,35.211.116.243:7100,0,0.0,0,0,0,https://azaburesearch.com,10713.882620347058,0.0,candidate,144
hxecf2a15a708dde0cf35aedb22344bd0fe0f88f98,0x0,"ZURICH,WARSAW",CHE,0x23de9f6d9f6849353aa,https://manifest-icon.com/PREP_JSON.json,wowas@bluewin.ch,2,50000.0,0,0,manifest-icon,hxecf2a15a708dde0cf35aedb22344bd0fe0f88f98,194.230.155.196:7100,0,0.0,0,0,0,https://manifest-icon.com,10586.843256143491,0.0,candidate,145
hx4d345781b9701df7b5e884a3653327fc63ffb69e,0x0,Beijing,CHN,0x1f0bee14f39e2ae079f,https://icon.cobo.com/detail.json,devops@cobo.com,2,50000.0,0,0,Cobo ICON,hx4d345781b9701df7b5e884a3653327fc63ffb69e,iconnode.cobo.com:7100,0,0.0,0,0,0,https://icon.cobo.com,9163.339422406938,0.0,candidate,146
hxdb0266079cb558e14b41ad7125b729c2c96b2d36,0x0,Varna,BGR,0x1ba783393e25843ece4,https://midos-mainnet-aws-us-west-2.s3-us-west-2.amazonaws.com/details.json,nodelikethis@gmail.com,2,10000.0,20033171,0,Midos / EPICX,hx417227d3a24a41bffae22df9f344856163d1f6e1,54.71.216.101:7100,0,0.0,0,0,0,https://www.EPICX.gg,8162.122309688338,0.0,candidate,147
hx5ccbcb12e2248acfd420b9adb79ceb8f324107d6,0x0,San Juan,USA,0x196e1b980dbbe1e7e2a,http://prep-registration-clever-muskrat.s3-website-us-west-2.amazonaws.com/details.json,brett@frontlines.io,2,47059.24527154454,13671548,0,Frontlines Media,hx5ccbcb12e2248acfd420b9adb79ceb8f324107d6,44.232.97.114:7100,0,0.0,0,0,0,https://www.frontlines.io,7505.643267136579,0.0,candidate,148
hx5b7cef0d8d9208a53df4cb5ca84ee3a9a530d5b7,0x0,Shanghai,CHN,0x183f16cf01e7f764000,http://47.100.244.97/prep.json,youxinfei@gmail.com,2,50000.0,0,0,iccc node,hx5b7cef0d8d9208a53df4cb5ca84ee3a9a530d5b7,47.100.244.97:9000,0,0.0,0,0,0,http://47.100.244.97,7156.2865,0.0,candidate,149
hxf77557cf000d80e369c9e13c2b7775a30d1f7c6b,0x0,Shang Hai,CHN,0x1663c97f296d1eca6f6,https://nel-icx.oss-cn-hangzhou.aliyuncs.com/details.json,1214661466@qq.com,2,50000.0,0,12049435,nel node,hxf77557cf000d80e369c9e13c2b7775a30d1f7c6b,icx.nel.group:7100,0,0.0,0,1322,0,https://nel.group,6608.30060348136,0.0,candidate,150
hx40f87b849182d3def0980b668baf0378eb2dea00,0x0,Virginia,USA,0x16079c1542208364000,https://ultranode.com/details/,admin@ultranode.com,2,0.0,61307002,0,UltraNode,hx40f87b849182d3def0980b668baf0378eb2dea00,127.0.0.1:7100,0,0.0,0,0,0,https://ultranode.com/,6502.0273,0.0,candidate,151
hx5c6713beb2ff74c9b9d64e0216f33a79929ab4b6,0x0,Seoul,KOR,0x12d7c2af5bfb38f0000,https://stake-bowl.s3.us-west-2.amazonaws.com/icon/details.json,support@stakebowl.io,2,10000.0,40458185,0,StakeBowl,hx5c6713beb2ff74c9b9d64e0216f33a79929ab4b6,13.57.85.115:7100,0,0.0,0,0,0,https://stakebowl.io,5561.4172,0.0,candidate,152
hxb027c59078f71f0d6c06d5becad464d488fd20bb,0x0,Beijing,CHN,0x12aa02e2f252018c000,https://www.bitcat365.com/icon_prep.json,bitcat365.com@gmail.com,2,50000.0,0,0,Bit Cat,hxb027c59078f71f0d6c06d5becad464d488fd20bb,icon.bitcat365.com:7100,0,0.0,0,0,0,https://www.bitcat365.com,5508.671948696942,0.0,candidate,153
hx4109ae2bda803171fac8b75e713b3a3f033e969b,0x0,Shanghai,CHN,0x11b51220f6375fec000,https://icon.banana.com/json/detail.json,1027255144@qq.com,2,50000.0,0,0,MW node,hx4109ae2bda803171fac8b75e713b3a3f033e969b,ctz.solidwallet.io:7100,0,0.0,0,0,0,https://icon.banana.com,5226.274825045939,0.0,candidate,154
hxa0d49a837bea86b737350577762d7af85a25c31d,0x0,NYC,USA,0x0,https://nowebsite.iconhero.com/details.json,nomail@iconhero.com,2,0.0,51766330,0,IconHero,hxa0d49a837bea86b737350577762d7af85a25c31d,54.174.25.136:7100,0,0.0,0,0,0,https://nowebsite.iconhero.com,0.0,0.0,candidate,155
